date,day_of_week,dow_index,weather,item,units_made,units_sold,units_waste,unit_price,unit_cost,revenue,waste_cost
2024-01-01,Monday,0,sunny,croissant,26,24,2,3.5,1.2,84.0,2.4
2024-01-01,Monday,0,sunny,muffin,22,19,3,2.75,0.9,52.25,2.7
2024-01-01,Monday,0,sunny,sourdough,13,11,2,8.0,2.5,88.0,5.0
2024-01-01,Monday,0,sunny,baguette,13,12,1,4.0,1.3,48.0,1.3
2024-01-01,Monday,0,sunny,cookie,32,30,2,1.5,0.4,45.0,0.8
2024-01-02,Tuesday,1,sunny,croissant,29,27,2,3.5,1.2,94.5,2.4
2024-01-02,Tuesday,1,sunny,muffin,28,25,3,2.75,0.9,68.75,2.7
2024-01-02,Tuesday,1,sunny,sourdough,11,10,1,8.0,2.5,80.0,2.5
2024-01-02,Tuesday,1,sunny,baguette,17,17,0,4.0,1.3,68.0,0.0
2024-01-02,Tuesday,1,sunny,cookie,49,43,6,1.5,0.4,64.5,2.4
2024-01-03,Wednesday,2,sunny,croissant,35,30,5,3.5,1.2,105.0,6.0
2024-01-03,Wednesday,2,sunny,muffin,25,24,1,2.75,0.9,66.0,0.9
2024-01-03,Wednesday,2,sunny,sourdough,12,11,1,8.0,2.5,88.0,2.5
2024-01-03,Wednesday,2,sunny,baguette,19,17,2,4.0,1.3,68.0,2.6
2024-01-03,Wednesday,2,sunny,cookie,50,45,5,1.5,0.4,67.5,2.0
2024-01-04,Thursday,3,sunny,croissant,38,34,4,3.5,1.2,119.0,4.8
2024-01-04,Thursday,3,sunny,muffin,33,29,4,2.75,0.9,79.75,3.6
2024-01-04,Thursday,3,sunny,sourdough,15,14,1,8.0,2.5,112.0,2.5
2024-01-04,Thursday,3,sunny,baguette,20,19,1,4.0,1.3,76.0,1.3
2024-01-04,Thursday,3,sunny,cookie,44,41,3,1.5,0.4,61.5,1.2
2024-01-05,Friday,4,rainy,croissant,42,40,2,3.5,1.2,140.0,2.4
2024-01-05,Friday,4,rainy,muffin,37,33,4,2.75,0.9,90.75,3.6
2024-01-05,Friday,4,rainy,sourdough,13,12,1,8.0,2.5,96.0,2.5
2024-01-05,Friday,4,rainy,baguette,18,17,1,4.0,1.3,68.0,1.3
2024-01-05,Friday,4,rainy,cookie,74,65,9,1.5,0.4,97.5,3.6
2024-01-06,Saturday,5,sunny,croissant,78,68,10,3.5,1.2,238.0,12.0
2024-01-06,Saturday,5,sunny,muffin,52,47,5,2.75,0.9,129.25,4.5
2024-01-06,Saturday,5,sunny,sourdough,42,37,5,8.0,2.5,296.0,12.5
2024-01-06,Saturday,5,sunny,baguette,47,41,6,4.0,1.3,164.0,7.8
2024-01-06,Saturday,5,sunny,cookie,103,89,14,1.5,0.4,133.5,5.6
2024-01-07,Sunday,6,rainy,croissant,69,63,6,3.5,1.2,220.5,7.2
2024-01-07,Sunday,6,rainy,muffin,56,52,4,2.75,0.9,143.0,3.6
2024-01-07,Sunday,6,rainy,sourdough,34,29,5,8.0,2.5,232.0,12.5
2024-01-07,Sunday,6,rainy,baguette,36,32,4,4.0,1.3,128.0,5.2
2024-01-07,Sunday,6,rainy,cookie,94,80,14,1.5,0.4,120.0,5.6
2024-01-08,Monday,0,sunny,croissant,28,26,2,3.5,1.2,91.0,2.4
2024-01-08,Monday,0,sunny,muffin,22,21,1,2.75,0.9,57.75,0.9
2024-01-08,Monday,0,sunny,sourdough,11,10,1,8.0,2.5,80.0,2.5
2024-01-08,Monday,0,sunny,baguette,14,13,1,4.0,1.3,52.0,1.3
2024-01-08,Monday,0,sunny,cookie,45,40,5,1.5,0.4,60.0,2.0
2024-01-09,Tuesday,1,rainy,croissant,31,30,1,3.5,1.2,105.0,1.2
2024-01-09,Tuesday,1,rainy,muffin,33,29,4,2.75,0.9,79.75,3.6
2024-01-09,Tuesday,1,rainy,sourdough,10,10,0,8.0,2.5,80.0,0.0
2024-01-09,Tuesday,1,rainy,baguette,16,14,2,4.0,1.3,56.0,2.6
2024-01-09,Tuesday,1,rainy,cookie,55,46,9,1.5,0.4,69.0,3.6
2024-01-10,Wednesday,2,sunny,croissant,33,29,4,3.5,1.2,101.5,4.8
2024-01-10,Wednesday,2,sunny,muffin,29,26,3,2.75,0.9,71.5,2.7
2024-01-10,Wednesday,2,sunny,sourdough,12,11,1,8.0,2.5,88.0,2.5
2024-01-10,Wednesday,2,sunny,baguette,16,15,1,4.0,1.3,60.0,1.3
2024-01-10,Wednesday,2,sunny,cookie,48,41,7,1.5,0.4,61.5,2.8
2024-01-11,Thursday,3,sunny,croissant,37,33,4,3.5,1.2,115.5,4.8
2024-01-11,Thursday,3,sunny,muffin,28,24,4,2.75,0.9,66.0,3.6
2024-01-11,Thursday,3,sunny,sourdough,16,15,1,8.0,2.5,120.0,2.5
2024-01-11,Thursday,3,sunny,baguette,20,18,2,4.0,1.3,72.0,2.6
2024-01-11,Thursday,3,sunny,cookie,46,40,6,1.5,0.4,60.0,2.4
2024-01-12,Friday,4,sunny,croissant,48,43,5,3.5,1.2,150.5,6.0
2024-01-12,Friday,4,sunny,muffin,27,25,2,2.75,0.9,68.75,1.8
2024-01-12,Friday,4,sunny,sourdough,14,12,2,8.0,2.5,96.0,5.0
2024-01-12,Friday,4,sunny,baguette,25,22,3,4.0,1.3,88.0,3.9
2024-01-12,Friday,4,sunny,cookie,49,47,2,1.5,0.4,70.5,0.8
2024-01-13,Saturday,5,sunny,croissant,90,85,5,3.5,1.2,297.5,6.0
2024-01-13,Saturday,5,sunny,muffin,55,52,3,2.75,0.9,143.0,2.7
2024-01-13,Saturday,5,sunny,sourdough,39,34,5,8.0,2.5,272.0,12.5
2024-01-13,Saturday,5,sunny,baguette,39,35,4,4.0,1.3,140.0,5.2
2024-01-13,Saturday,5,sunny,cookie,89,82,7,1.5,0.4,123.0,2.8
2024-01-14,Sunday,6,sunny,croissant,70,65,5,3.5,1.2,227.5,6.0
2024-01-14,Sunday,6,sunny,muffin,54,47,7,2.75,0.9,129.25,6.3
2024-01-14,Sunday,6,sunny,sourdough,28,26,2,8.0,2.5,208.0,5.0
2024-01-14,Sunday,6,sunny,baguette,47,41,6,4.0,1.3,164.0,7.8
2024-01-14,Sunday,6,sunny,cookie,78,70,8,1.5,0.4,105.0,3.2
2024-01-15,Monday,0,rainy,croissant,30,28,2,3.5,1.2,98.0,2.4
2024-01-15,Monday,0,rainy,muffin,27,25,2,2.75,0.9,68.75,1.8
2024-01-15,Monday,0,rainy,sourdough,8,8,0,8.0,2.5,64.0,0.0
2024-01-15,Monday,0,rainy,baguette,14,13,1,4.0,1.3,52.0,1.3
2024-01-15,Monday,0,rainy,cookie,53,45,8,1.5,0.4,67.5,3.2
2024-01-16,Tuesday,1,rainy,croissant,36,32,4,3.5,1.2,112.0,4.8
2024-01-16,Tuesday,1,rainy,muffin,27,26,1,2.75,0.9,71.5,0.9
2024-01-16,Tuesday,1,rainy,sourdough,13,12,1,8.0,2.5,96.0,2.5
2024-01-16,Tuesday,1,rainy,baguette,17,15,2,4.0,1.3,60.0,2.6
2024-01-16,Tuesday,1,rainy,cookie,53,50,3,1.5,0.4,75.0,1.2
2024-01-17,Wednesday,2,rainy,croissant,40,36,4,3.5,1.2,126.0,4.8
2024-01-17,Wednesday,2,rainy,muffin,34,30,4,2.75,0.9,82.5,3.6
2024-01-17,Wednesday,2,rainy,sourdough,14,12,2,8.0,2.5,96.0,5.0
2024-01-17,Wednesday,2,rainy,baguette,15,14,1,4.0,1.3,56.0,1.3
2024-01-17,Wednesday,2,rainy,cookie,54,46,8,1.5,0.4,69.0,3.2
2024-01-18,Thursday,3,rainy,croissant,39,35,4,3.5,1.2,122.5,4.8
2024-01-18,Thursday,3,rainy,muffin,33,31,2,2.75,0.9,85.25,1.8
2024-01-18,Thursday,3,rainy,sourdough,13,11,2,8.0,2.5,88.0,5.0
2024-01-18,Thursday,3,rainy,baguette,18,16,2,4.0,1.3,64.0,2.6
2024-01-18,Thursday,3,rainy,cookie,54,52,2,1.5,0.4,78.0,0.8
2024-01-19,Friday,4,sunny,croissant,52,44,8,3.5,1.2,154.0,9.6
2024-01-19,Friday,4,sunny,muffin,38,33,5,2.75,0.9,90.75,4.5
2024-01-19,Friday,4,sunny,sourdough,14,13,1,8.0,2.5,104.0,2.5
2024-01-19,Friday,4,sunny,baguette,19,18,1,4.0,1.3,72.0,1.3
2024-01-19,Friday,4,sunny,cookie,47,43,4,1.5,0.4,64.5,1.6
2024-01-20,Saturday,5,sunny,croissant,81,70,11,3.5,1.2,245.0,13.2
2024-01-20,Saturday,5,sunny,muffin,56,51,5,2.75,0.9,140.25,4.5
2024-01-20,Saturday,5,sunny,sourdough,43,36,7,8.0,2.5,288.0,17.5
2024-01-20,Saturday,5,sunny,baguette,47,41,6,4.0,1.3,164.0,7.8
2024-01-20,Saturday,5,sunny,cookie,78,72,6,1.5,0.4,108.0,2.4
2024-01-21,Sunday,6,sunny,croissant,76,68,8,3.5,1.2,238.0,9.6
2024-01-21,Sunday,6,sunny,muffin,52,50,2,2.75,0.9,137.5,1.8
2024-01-21,Sunday,6,sunny,sourdough,32,29,3,8.0,2.5,232.0,7.5
2024-01-21,Sunday,6,sunny,baguette,41,39,2,4.0,1.3,156.0,2.6
2024-01-21,Sunday,6,sunny,cookie,86,81,5,1.5,0.4,121.5,2.0
2024-01-22,Monday,0,rainy,croissant,35,31,4,3.5,1.2,108.5,4.8
2024-01-22,Monday,0,rainy,muffin,24,23,1,2.75,0.9,63.25,0.9
2024-01-22,Monday,0,rainy,sourdough,10,10,0,8.0,2.5,80.0,0.0
2024-01-22,Monday,0,rainy,baguette,14,13,1,4.0,1.3,52.0,1.3
2024-01-22,Monday,0,rainy,cookie,44,39,5,1.5,0.4,58.5,2.0
2024-01-23,Tuesday,1,sunny,croissant,38,36,2,3.5,1.2,126.0,2.4
2024-01-23,Tuesday,1,sunny,muffin,27,25,2,2.75,0.9,68.75,1.8
2024-01-23,Tuesday,1,sunny,sourdough,12,11,1,8.0,2.5,88.0,2.5
2024-01-23,Tuesday,1,sunny,baguette,16,15,1,4.0,1.3,60.0,1.3
2024-01-23,Tuesday,1,sunny,cookie,45,43,2,1.5,0.4,64.5,0.8
2024-01-24,Wednesday,2,sunny,croissant,46,39,7,3.5,1.2,136.5,8.4
2024-01-24,Wednesday,2,sunny,muffin,23,22,1,2.75,0.9,60.5,0.9
2024-01-24,Wednesday,2,sunny,sourdough,13,11,2,8.0,2.5,88.0,5.0
2024-01-24,Wednesday,2,sunny,baguette,21,18,3,4.0,1.3,72.0,3.9
2024-01-24,Wednesday,2,sunny,cookie,42,40,2,1.5,0.4,60.0,0.8
2024-01-25,Thursday,3,sunny,croissant,43,38,5,3.5,1.2,133.0,6.0
2024-01-25,Thursday,3,sunny,muffin,34,30,4,2.75,0.9,82.5,3.6
2024-01-25,Thursday,3,sunny,sourdough,12,11,1,8.0,2.5,88.0,2.5
2024-01-25,Thursday,3,sunny,baguette,18,16,2,4.0,1.3,64.0,2.6
2024-01-25,Thursday,3,sunny,cookie,53,50,3,1.5,0.4,75.0,1.2
2024-01-26,Friday,4,rainy,croissant,43,38,5,3.5,1.2,133.0,6.0
2024-01-26,Friday,4,rainy,muffin,37,33,4,2.75,0.9,90.75,3.6
2024-01-26,Friday,4,rainy,sourdough,15,14,1,8.0,2.5,112.0,2.5
2024-01-26,Friday,4,rainy,baguette,20,19,1,4.0,1.3,76.0,1.3
2024-01-26,Friday,4,rainy,cookie,67,57,10,1.5,0.4,85.5,4.0
2024-01-27,Saturday,5,sunny,croissant,73,66,7,3.5,1.2,231.0,8.4
2024-01-27,Saturday,5,sunny,muffin,51,49,2,2.75,0.9,134.75,1.8
2024-01-27,Saturday,5,sunny,sourdough,40,35,5,8.0,2.5,280.0,12.5
2024-01-27,Saturday,5,sunny,baguette,42,37,5,4.0,1.3,148.0,6.5
2024-01-27,Saturday,5,sunny,cookie,91,82,9,1.5,0.4,123.0,3.6
2024-01-28,Sunday,6,rainy,croissant,75,64,11,3.5,1.2,224.0,13.2
2024-01-28,Sunday,6,rainy,muffin,70,62,8,2.75,0.9,170.5,7.2
2024-01-28,Sunday,6,rainy,sourdough,31,28,3,8.0,2.5,224.0,7.5
2024-01-28,Sunday,6,rainy,baguette,32,30,2,4.0,1.3,120.0,2.6
2024-01-28,Sunday,6,rainy,cookie,92,78,14,1.5,0.4,117.0,5.6
2024-01-29,Monday,0,sunny,croissant,36,31,5,3.5,1.2,108.5,6.0
2024-01-29,Monday,0,sunny,muffin,20,19,1,2.75,0.9,52.25,0.9
2024-01-29,Monday,0,sunny,sourdough,10,9,1,8.0,2.5,72.0,2.5
2024-01-29,Monday,0,sunny,baguette,16,15,1,4.0,1.3,60.0,1.3
2024-01-29,Monday,0,sunny,cookie,38,36,2,1.5,0.4,54.0,0.8
2024-01-30,Tuesday,1,sunny,croissant,41,35,6,3.5,1.2,122.5,7.2
2024-01-30,Tuesday,1,sunny,muffin,30,26,4,2.75,0.9,71.5,3.6
2024-01-30,Tuesday,1,sunny,sourdough,11,10,1,8.0,2.5,80.0,2.5
2024-01-30,Tuesday,1,sunny,baguette,17,15,2,4.0,1.3,60.0,2.6
2024-01-30,Tuesday,1,sunny,cookie,50,43,7,1.5,0.4,64.5,2.8
2024-01-31,Wednesday,2,sunny,croissant,36,31,5,3.5,1.2,108.5,6.0
2024-01-31,Wednesday,2,sunny,muffin,25,22,3,2.75,0.9,60.5,2.7
2024-01-31,Wednesday,2,sunny,sourdough,15,14,1,8.0,2.5,112.0,2.5
2024-01-31,Wednesday,2,sunny,baguette,20,18,2,4.0,1.3,72.0,2.6
2024-01-31,Wednesday,2,sunny,cookie,46,40,6,1.5,0.4,60.0,2.4
2024-02-01,Thursday,3,rainy,croissant,35,33,2,3.5,1.2,115.5,2.4
2024-02-01,Thursday,3,rainy,muffin,35,30,5,2.75,0.9,82.5,4.5
2024-02-01,Thursday,3,rainy,sourdough,14,13,1,8.0,2.5,104.0,2.5
2024-02-01,Thursday,3,rainy,baguette,18,17,1,4.0,1.3,68.0,1.3
2024-02-01,Thursday,3,rainy,cookie,66,59,7,1.5,0.4,88.5,2.8
2024-02-02,Friday,4,sunny,croissant,41,35,6,3.5,1.2,122.5,7.2
2024-02-02,Friday,4,sunny,muffin,32,27,5,2.75,0.9,74.25,4.5
2024-02-02,Friday,4,sunny,sourdough,13,13,0,8.0,2.5,104.0,0.0
2024-02-02,Friday,4,sunny,baguette,22,19,3,4.0,1.3,76.0,3.9
2024-02-02,Friday,4,sunny,cookie,53,47,6,1.5,0.4,70.5,2.4
2024-02-03,Saturday,5,sunny,croissant,81,72,9,3.5,1.2,252.0,10.8
2024-02-03,Saturday,5,sunny,muffin,55,48,7,2.75,0.9,132.0,6.3
2024-02-03,Saturday,5,sunny,sourdough,32,27,5,8.0,2.5,216.0,12.5
2024-02-03,Saturday,5,sunny,baguette,46,40,6,4.0,1.3,160.0,7.8
2024-02-03,Saturday,5,sunny,cookie,98,86,12,1.5,0.4,129.0,4.8
2024-02-04,Sunday,6,sunny,croissant,66,58,8,3.5,1.2,203.0,9.6
2024-02-04,Sunday,6,sunny,muffin,48,44,4,2.75,0.9,121.0,3.6
2024-02-04,Sunday,6,sunny,sourdough,35,31,4,8.0,2.5,248.0,10.0
2024-02-04,Sunday,6,sunny,baguette,36,33,3,4.0,1.3,132.0,3.9
2024-02-04,Sunday,6,sunny,cookie,77,70,7,1.5,0.4,105.0,2.8
2024-02-05,Monday,0,sunny,croissant,26,24,2,3.5,1.2,84.0,2.4
2024-02-05,Monday,0,sunny,muffin,26,23,3,2.75,0.9,63.25,2.7
2024-02-05,Monday,0,sunny,sourdough,12,11,1,8.0,2.5,88.0,2.5
2024-02-05,Monday,0,sunny,baguette,14,13,1,4.0,1.3,52.0,1.3
2024-02-05,Monday,0,sunny,cookie,31,29,2,1.5,0.4,43.5,0.8
2024-02-06,Tuesday,1,sunny,croissant,36,32,4,3.5,1.2,112.0,4.8
2024-02-06,Tuesday,1,sunny,muffin,25,23,2,2.75,0.9,63.25,1.8
2024-02-06,Tuesday,1,sunny,sourdough,11,10,1,8.0,2.5,80.0,2.5
2024-02-06,Tuesday,1,sunny,baguette,19,17,2,4.0,1.3,68.0,2.6
2024-02-06,Tuesday,1,sunny,cookie,38,36,2,1.5,0.4,54.0,0.8
2024-02-07,Wednesday,2,sunny,croissant,38,35,3,3.5,1.2,122.5,3.6
2024-02-07,Wednesday,2,sunny,muffin,31,27,4,2.75,0.9,74.25,3.6
2024-02-07,Wednesday,2,sunny,sourdough,14,13,1,8.0,2.5,104.0,2.5
2024-02-07,Wednesday,2,sunny,baguette,15,15,0,4.0,1.3,60.0,0.0
2024-02-07,Wednesday,2,sunny,cookie,43,39,4,1.5,0.4,58.5,1.6
2024-02-08,Thursday,3,sunny,croissant,34,31,3,3.5,1.2,108.5,3.6
2024-02-08,Thursday,3,sunny,muffin,30,28,2,2.75,0.9,77.0,1.8
2024-02-08,Thursday,3,sunny,sourdough,15,14,1,8.0,2.5,112.0,2.5
2024-02-08,Thursday,3,sunny,baguette,18,16,2,4.0,1.3,64.0,2.6
2024-02-08,Thursday,3,sunny,cookie,44,38,6,1.5,0.4,57.0,2.4
2024-02-09,Friday,4,sunny,croissant,38,35,3,3.5,1.2,122.5,3.6
2024-02-09,Friday,4,sunny,muffin,32,27,5,2.75,0.9,74.25,4.5
2024-02-09,Friday,4,sunny,sourdough,15,15,0,8.0,2.5,120.0,0.0
2024-02-09,Friday,4,sunny,baguette,21,18,3,4.0,1.3,72.0,3.9
2024-02-09,Friday,4,sunny,cookie,57,49,8,1.5,0.4,73.5,3.2
2024-02-10,Saturday,5,sunny,croissant,97,86,11,3.5,1.2,301.0,13.2
2024-02-10,Saturday,5,sunny,muffin,69,59,10,2.75,0.9,162.25,9.0
2024-02-10,Saturday,5,sunny,sourdough,38,33,5,8.0,2.5,264.0,12.5
2024-02-10,Saturday,5,sunny,baguette,46,40,6,4.0,1.3,160.0,7.8
2024-02-10,Saturday,5,sunny,cookie,97,82,15,1.5,0.4,123.0,6.0
2024-02-11,Sunday,6,sunny,croissant,71,66,5,3.5,1.2,231.0,6.0
2024-02-11,Sunday,6,sunny,muffin,49,43,6,2.75,0.9,118.25,5.4
2024-02-11,Sunday,6,sunny,sourdough,34,31,3,8.0,2.5,248.0,7.5
2024-02-11,Sunday,6,sunny,baguette,40,37,3,4.0,1.3,148.0,3.9
2024-02-11,Sunday,6,sunny,cookie,67,62,5,1.5,0.4,93.0,2.0
2024-02-12,Monday,0,sunny,croissant,29,26,3,3.5,1.2,91.0,3.6
2024-02-12,Monday,0,sunny,muffin,19,18,1,2.75,0.9,49.5,0.9
2024-02-12,Monday,0,sunny,sourdough,12,11,1,8.0,2.5,88.0,2.5
2024-02-12,Monday,0,sunny,baguette,13,12,1,4.0,1.3,48.0,1.3
2024-02-12,Monday,0,sunny,cookie,38,35,3,1.5,0.4,52.5,1.2
2024-02-13,Tuesday,1,rainy,croissant,40,34,6,3.5,1.2,119.0,7.2
2024-02-13,Tuesday,1,rainy,muffin,33,29,4,2.75,0.9,79.75,3.6
2024-02-13,Tuesday,1,rainy,sourdough,12,11,1,8.0,2.5,88.0,2.5
2024-02-13,Tuesday,1,rainy,baguette,14,14,0,4.0,1.3,56.0,0.0
2024-02-13,Tuesday,1,rainy,cookie,50,43,7,1.5,0.4,64.5,2.8
2024-02-14,Wednesday,2,sunny,croissant,42,38,4,3.5,1.2,133.0,4.8
2024-02-14,Wednesday,2,sunny,muffin,30,27,3,2.75,0.9,74.25,2.7
2024-02-14,Wednesday,2,sunny,sourdough,14,13,1,8.0,2.5,104.0,2.5
2024-02-14,Wednesday,2,sunny,baguette,16,15,1,4.0,1.3,60.0,1.3
2024-02-14,Wednesday,2,sunny,cookie,39,36,3,1.5,0.4,54.0,1.2
2024-02-15,Thursday,3,sunny,croissant,36,34,2,3.5,1.2,119.0,2.4
2024-02-15,Thursday,3,sunny,muffin,27,26,1,2.75,0.9,71.5,0.9
2024-02-15,Thursday,3,sunny,sourdough,13,13,0,8.0,2.5,104.0,0.0
2024-02-15,Thursday,3,sunny,baguette,19,17,2,4.0,1.3,68.0,2.6
2024-02-15,Thursday,3,sunny,cookie,43,38,5,1.5,0.4,57.0,2.0
2024-02-16,Friday,4,rainy,croissant,45,43,2,3.5,1.2,150.5,2.4
2024-02-16,Friday,4,rainy,muffin,36,34,2,2.75,0.9,93.5,1.8
2024-02-16,Friday,4,rainy,sourdough,13,12,1,8.0,2.5,96.0,2.5
2024-02-16,Friday,4,rainy,baguette,20,18,2,4.0,1.3,72.0,2.6
2024-02-16,Friday,4,rainy,cookie,68,63,5,1.5,0.4,94.5,2.0
2024-02-17,Saturday,5,rainy,croissant,80,71,9,3.5,1.2,248.5,10.8
2024-02-17,Saturday,5,rainy,muffin,79,72,7,2.75,0.9,198.0,6.3
2024-02-17,Saturday,5,rainy,sourdough,35,30,5,8.0,2.5,240.0,12.5
2024-02-17,Saturday,5,rainy,baguette,46,40,6,4.0,1.3,160.0,7.8
2024-02-17,Saturday,5,rainy,cookie,113,105,8,1.5,0.4,157.5,3.2
2024-02-18,Sunday,6,rainy,croissant,70,66,4,3.5,1.2,231.0,4.8
2024-02-18,Sunday,6,rainy,muffin,66,59,7,2.75,0.9,162.25,6.3
2024-02-18,Sunday,6,rainy,sourdough,26,23,3,8.0,2.5,184.0,7.5
2024-02-18,Sunday,6,rainy,baguette,38,36,2,4.0,1.3,144.0,2.6
2024-02-18,Sunday,6,rainy,cookie,98,85,13,1.5,0.4,127.5,5.2
2024-02-19,Monday,0,rainy,croissant,39,33,6,3.5,1.2,115.5,7.2
2024-02-19,Monday,0,rainy,muffin,23,22,1,2.75,0.9,60.5,0.9
2024-02-19,Monday,0,rainy,sourdough,9,8,1,8.0,2.5,64.0,2.5
2024-02-19,Monday,0,rainy,baguette,16,15,1,4.0,1.3,60.0,1.3
2024-02-19,Monday,0,rainy,cookie,44,42,2,1.5,0.4,63.0,0.8
2024-02-20,Tuesday,1,sunny,croissant,35,33,2,3.5,1.2,115.5,2.4
2024-02-20,Tuesday,1,sunny,muffin,29,25,4,2.75,0.9,68.75,3.6
2024-02-20,Tuesday,1,sunny,sourdough,12,12,0,8.0,2.5,96.0,0.0
2024-02-20,Tuesday,1,sunny,baguette,21,18,3,4.0,1.3,72.0,3.9
2024-02-20,Tuesday,1,sunny,cookie,42,38,4,1.5,0.4,57.0,1.6
2024-02-21,Wednesday,2,sunny,croissant,37,34,3,3.5,1.2,119.0,3.6
2024-02-21,Wednesday,2,sunny,muffin,32,28,4,2.75,0.9,77.0,3.6
2024-02-21,Wednesday,2,sunny,sourdough,13,11,2,8.0,2.5,88.0,5.0
2024-02-21,Wednesday,2,sunny,baguette,19,17,2,4.0,1.3,68.0,2.6
2024-02-21,Wednesday,2,sunny,cookie,50,45,5,1.5,0.4,67.5,2.0
2024-02-22,Thursday,3,sunny,croissant,44,41,3,3.5,1.2,143.5,3.6
2024-02-22,Thursday,3,sunny,muffin,32,29,3,2.75,0.9,79.75,2.7
2024-02-22,Thursday,3,sunny,sourdough,14,13,1,8.0,2.5,104.0,2.5
2024-02-22,Thursday,3,sunny,baguette,20,19,1,4.0,1.3,76.0,1.3
2024-02-22,Thursday,3,sunny,cookie,57,49,8,1.5,0.4,73.5,3.2
2024-02-23,Friday,4,rainy,croissant,53,49,4,3.5,1.2,171.5,4.8
2024-02-23,Friday,4,rainy,muffin,39,35,4,2.75,0.9,96.25,3.6
2024-02-23,Friday,4,rainy,sourdough,13,13,0,8.0,2.5,104.0,0.0
2024-02-23,Friday,4,rainy,baguette,22,21,1,4.0,1.3,84.0,1.3
2024-02-23,Friday,4,rainy,cookie,60,52,8,1.5,0.4,78.0,3.2
2024-02-24,Saturday,5,sunny,croissant,97,84,13,3.5,1.2,294.0,15.6
2024-02-24,Saturday,5,sunny,muffin,51,49,2,2.75,0.9,134.75,1.8
2024-02-24,Saturday,5,sunny,sourdough,38,36,2,8.0,2.5,288.0,5.0
2024-02-24,Saturday,5,sunny,baguette,48,43,5,4.0,1.3,172.0,6.5
2024-02-24,Saturday,5,sunny,cookie,100,87,13,1.5,0.4,130.5,5.2
2024-02-25,Sunday,6,sunny,croissant,78,67,11,3.5,1.2,234.5,13.2
2024-02-25,Sunday,6,sunny,muffin,44,41,3,2.75,0.9,112.75,2.7
2024-02-25,Sunday,6,sunny,sourdough,32,30,2,8.0,2.5,240.0,5.0
2024-02-25,Sunday,6,sunny,baguette,40,36,4,4.0,1.3,144.0,5.2
2024-02-25,Sunday,6,sunny,cookie,80,72,8,1.5,0.4,108.0,3.2
2024-02-26,Monday,0,sunny,croissant,30,26,4,3.5,1.2,91.0,4.8
2024-02-26,Monday,0,sunny,muffin,20,19,1,2.75,0.9,52.25,0.9
2024-02-26,Monday,0,sunny,sourdough,9,9,0,8.0,2.5,72.0,0.0
2024-02-26,Monday,0,sunny,baguette,13,12,1,4.0,1.3,48.0,1.3
2024-02-26,Monday,0,sunny,cookie,39,37,2,1.5,0.4,55.5,0.8
2024-02-27,Tuesday,1,rainy,croissant,40,35,5,3.5,1.2,122.5,6.0
2024-02-27,Tuesday,1,rainy,muffin,36,32,4,2.75,0.9,88.0,3.6
2024-02-27,Tuesday,1,rainy,sourdough,10,10,0,8.0,2.5,80.0,0.0
2024-02-27,Tuesday,1,rainy,baguette,14,13,1,4.0,1.3,52.0,1.3
2024-02-27,Tuesday,1,rainy,cookie,43,41,2,1.5,0.4,61.5,0.8
2024-02-28,Wednesday,2,sunny,croissant,37,31,6,3.5,1.2,108.5,7.2
2024-02-28,Wednesday,2,sunny,muffin,28,25,3,2.75,0.9,68.75,2.7
2024-02-28,Wednesday,2,sunny,sourdough,12,11,1,8.0,2.5,88.0,2.5
2024-02-28,Wednesday,2,sunny,baguette,18,16,2,4.0,1.3,64.0,2.6
2024-02-28,Wednesday,2,sunny,cookie,48,43,5,1.5,0.4,64.5,2.0
2024-02-29,Thursday,3,sunny,croissant,33,32,1,3.5,1.2,112.0,1.2
2024-02-29,Thursday,3,sunny,muffin,33,30,3,2.75,0.9,82.5,2.7
2024-02-29,Thursday,3,sunny,sourdough,15,14,1,8.0,2.5,112.0,2.5
2024-02-29,Thursday,3,sunny,baguette,17,15,2,4.0,1.3,60.0,2.6
2024-02-29,Thursday,3,sunny,cookie,40,38,2,1.5,0.4,57.0,0.8
2024-03-01,Friday,4,sunny,croissant,44,37,7,3.5,1.2,129.5,8.4
2024-03-01,Friday,4,sunny,muffin,30,26,4,2.75,0.9,71.5,3.6
2024-03-01,Friday,4,sunny,sourdough,17,15,2,8.0,2.5,120.0,5.0
2024-03-01,Friday,4,sunny,baguette,20,18,2,4.0,1.3,72.0,2.6
2024-03-01,Friday,4,sunny,cookie,54,49,5,1.5,0.4,73.5,2.0
2024-03-02,Saturday,5,sunny,croissant,94,86,8,3.5,1.2,301.0,9.6
2024-03-02,Saturday,5,sunny,muffin,61,54,7,2.75,0.9,148.5,6.3
2024-03-02,Saturday,5,sunny,sourdough,40,34,6,8.0,2.5,272.0,15.0
2024-03-02,Saturday,5,sunny,baguette,38,36,2,4.0,1.3,144.0,2.6
2024-03-02,Saturday,5,sunny,cookie,90,84,6,1.5,0.4,126.0,2.4
2024-03-03,Sunday,6,rainy,croissant,67,64,3,3.5,1.2,224.0,3.6
2024-03-03,Sunday,6,rainy,muffin,62,55,7,2.75,0.9,151.25,6.3
2024-03-03,Sunday,6,rainy,sourdough,26,24,2,8.0,2.5,192.0,5.0
2024-03-03,Sunday,6,rainy,baguette,41,36,5,4.0,1.3,144.0,6.5
2024-03-03,Sunday,6,rainy,cookie,93,81,12,1.5,0.4,121.5,4.8
2024-03-04,Monday,0,sunny,croissant,34,30,4,3.5,1.2,105.0,4.8
2024-03-04,Monday,0,sunny,muffin,26,22,4,2.75,0.9,60.5,3.6
2024-03-04,Monday,0,sunny,sourdough,11,10,1,8.0,2.5,80.0,2.5
2024-03-04,Monday,0,sunny,baguette,16,14,2,4.0,1.3,56.0,2.6
2024-03-04,Monday,0,sunny,cookie,40,38,2,1.5,0.4,57.0,0.8
2024-03-05,Tuesday,1,rainy,croissant,38,33,5,3.5,1.2,115.5,6.0
2024-03-05,Tuesday,1,rainy,muffin,31,29,2,2.75,0.9,79.75,1.8
2024-03-05,Tuesday,1,rainy,sourdough,10,9,1,8.0,2.5,72.0,2.5
2024-03-05,Tuesday,1,rainy,baguette,19,16,3,4.0,1.3,64.0,3.9
2024-03-05,Tuesday,1,rainy,cookie,51,46,5,1.5,0.4,69.0,2.0
2024-03-06,Wednesday,2,rainy,croissant,35,32,3,3.5,1.2,112.0,3.6
2024-03-06,Wednesday,2,rainy,muffin,30,28,2,2.75,0.9,77.0,1.8
2024-03-06,Wednesday,2,rainy,sourdough,11,10,1,8.0,2.5,80.0,2.5
2024-03-06,Wednesday,2,rainy,baguette,19,17,2,4.0,1.3,68.0,2.6
2024-03-06,Wednesday,2,rainy,cookie,65,55,10,1.5,0.4,82.5,4.0
2024-03-07,Thursday,3,sunny,croissant,34,33,1,3.5,1.2,115.5,1.2
2024-03-07,Thursday,3,sunny,muffin,32,29,3,2.75,0.9,79.75,2.7
2024-03-07,Thursday,3,sunny,sourdough,16,14,2,8.0,2.5,112.0,5.0
2024-03-07,Thursday,3,sunny,baguette,18,16,2,4.0,1.3,64.0,2.6
2024-03-07,Thursday,3,sunny,cookie,51,46,5,1.5,0.4,69.0,2.0
2024-03-08,Friday,4,rainy,croissant,45,41,4,3.5,1.2,143.5,4.8
2024-03-08,Friday,4,rainy,muffin,43,37,6,2.75,0.9,101.75,5.4
2024-03-08,Friday,4,rainy,sourdough,13,12,1,8.0,2.5,96.0,2.5
2024-03-08,Friday,4,rainy,baguette,20,17,3,4.0,1.3,68.0,3.9
2024-03-08,Friday,4,rainy,cookie,70,62,8,1.5,0.4,93.0,3.2
2024-03-09,Saturday,5,sunny,croissant,77,71,6,3.5,1.2,248.5,7.2
2024-03-09,Saturday,5,sunny,muffin,66,60,6,2.75,0.9,165.0,5.4
2024-03-09,Saturday,5,sunny,sourdough,38,32,6,8.0,2.5,256.0,15.0
2024-03-09,Saturday,5,sunny,baguette,47,42,5,4.0,1.3,168.0,6.5
2024-03-09,Saturday,5,sunny,cookie,84,78,6,1.5,0.4,117.0,2.4
2024-03-10,Sunday,6,sunny,croissant,82,72,10,3.5,1.2,252.0,12.0
2024-03-10,Sunday,6,sunny,muffin,54,50,4,2.75,0.9,137.5,3.6
2024-03-10,Sunday,6,sunny,sourdough,34,29,5,8.0,2.5,232.0,12.5
2024-03-10,Sunday,6,sunny,baguette,40,35,5,4.0,1.3,140.0,6.5
2024-03-10,Sunday,6,sunny,cookie,75,63,12,1.5,0.4,94.5,4.8
2024-03-11,Monday,0,sunny,croissant,26,25,1,3.5,1.2,87.5,1.2
2024-03-11,Monday,0,sunny,muffin,23,21,2,2.75,0.9,57.75,1.8
2024-03-11,Monday,0,sunny,sourdough,10,9,1,8.0,2.5,72.0,2.5
2024-03-11,Monday,0,sunny,baguette,16,15,1,4.0,1.3,60.0,1.3
2024-03-11,Monday,0,sunny,cookie,35,30,5,1.5,0.4,45.0,2.0
2024-03-12,Tuesday,1,sunny,croissant,38,34,4,3.5,1.2,119.0,4.8
2024-03-12,Tuesday,1,sunny,muffin,25,22,3,2.75,0.9,60.5,2.7
2024-03-12,Tuesday,1,sunny,sourdough,14,13,1,8.0,2.5,104.0,2.5
2024-03-12,Tuesday,1,sunny,baguette,17,16,1,4.0,1.3,64.0,1.3
2024-03-12,Tuesday,1,sunny,cookie,50,45,5,1.5,0.4,67.5,2.0
2024-03-13,Wednesday,2,sunny,croissant,40,37,3,3.5,1.2,129.5,3.6
2024-03-13,Wednesday,2,sunny,muffin,30,27,3,2.75,0.9,74.25,2.7
2024-03-13,Wednesday,2,sunny,sourdough,15,14,1,8.0,2.5,112.0,2.5
2024-03-13,Wednesday,2,sunny,baguette,19,18,1,4.0,1.3,72.0,1.3
2024-03-13,Wednesday,2,sunny,cookie,44,39,5,1.5,0.4,58.5,2.0
2024-03-14,Thursday,3,sunny,croissant,37,35,2,3.5,1.2,122.5,2.4
2024-03-14,Thursday,3,sunny,muffin,29,27,2,2.75,0.9,74.25,1.8
2024-03-14,Thursday,3,sunny,sourdough,14,13,1,8.0,2.5,104.0,2.5
2024-03-14,Thursday,3,sunny,baguette,18,17,1,4.0,1.3,68.0,1.3
2024-03-14,Thursday,3,sunny,cookie,46,40,6,1.5,0.4,60.0,2.4
2024-03-15,Friday,4,sunny,croissant,41,36,5,3.5,1.2,126.0,6.0
2024-03-15,Friday,4,sunny,muffin,29,25,4,2.75,0.9,68.75,3.6
2024-03-15,Friday,4,sunny,sourdough,17,15,2,8.0,2.5,120.0,5.0
2024-03-15,Friday,4,sunny,baguette,21,19,2,4.0,1.3,76.0,2.6
2024-03-15,Friday,4,sunny,cookie,64,54,10,1.5,0.4,81.0,4.0
2024-03-16,Saturday,5,sunny,croissant,73,65,8,3.5,1.2,227.5,9.6
2024-03-16,Saturday,5,sunny,muffin,63,54,9,2.75,0.9,148.5,8.1
2024-03-16,Saturday,5,sunny,sourdough,40,36,4,8.0,2.5,288.0,10.0
2024-03-16,Saturday,5,sunny,baguette,44,40,4,4.0,1.3,160.0,5.2
2024-03-16,Saturday,5,sunny,cookie,95,86,9,1.5,0.4,129.0,3.6
2024-03-17,Sunday,6,sunny,croissant,67,60,7,3.5,1.2,210.0,8.4
2024-03-17,Sunday,6,sunny,muffin,58,53,5,2.75,0.9,145.75,4.5
2024-03-17,Sunday,6,sunny,sourdough,34,30,4,8.0,2.5,240.0,10.0
2024-03-17,Sunday,6,sunny,baguette,45,39,6,4.0,1.3,156.0,7.8
2024-03-17,Sunday,6,sunny,cookie,87,79,8,1.5,0.4,118.5,3.2
2024-03-18,Monday,0,sunny,croissant,33,29,4,3.5,1.2,101.5,4.8
2024-03-18,Monday,0,sunny,muffin,24,23,1,2.75,0.9,63.25,0.9
2024-03-18,Monday,0,sunny,sourdough,10,9,1,8.0,2.5,72.0,2.5
2024-03-18,Monday,0,sunny,baguette,17,15,2,4.0,1.3,60.0,2.6
2024-03-18,Monday,0,sunny,cookie,41,37,4,1.5,0.4,55.5,1.6
2024-03-19,Tuesday,1,rainy,croissant,42,36,6,3.5,1.2,126.0,7.2
2024-03-19,Tuesday,1,rainy,muffin,32,28,4,2.75,0.9,77.0,3.6
2024-03-19,Tuesday,1,rainy,sourdough,12,12,0,8.0,2.5,96.0,0.0
2024-03-19,Tuesday,1,rainy,baguette,17,16,1,4.0,1.3,64.0,1.3
2024-03-19,Tuesday,1,rainy,cookie,47,44,3,1.5,0.4,66.0,1.2
2024-03-20,Wednesday,2,sunny,croissant,39,34,5,3.5,1.2,119.0,6.0
2024-03-20,Wednesday,2,sunny,muffin,23,22,1,2.75,0.9,60.5,0.9
2024-03-20,Wednesday,2,sunny,sourdough,16,14,2,8.0,2.5,112.0,5.0
2024-03-20,Wednesday,2,sunny,baguette,17,15,2,4.0,1.3,60.0,2.6
2024-03-20,Wednesday,2,sunny,cookie,41,37,4,1.5,0.4,55.5,1.6
2024-03-21,Thursday,3,sunny,croissant,34,33,1,3.5,1.2,115.5,1.2
2024-03-21,Thursday,3,sunny,muffin,34,29,5,2.75,0.9,79.75,4.5
2024-03-21,Thursday,3,sunny,sourdough,15,14,1,8.0,2.5,112.0,2.5
2024-03-21,Thursday,3,sunny,baguette,18,17,1,4.0,1.3,68.0,1.3
2024-03-21,Thursday,3,sunny,cookie,52,46,6,1.5,0.4,69.0,2.4
2024-03-22,Friday,4,sunny,croissant,43,37,6,3.5,1.2,129.5,7.2
2024-03-22,Friday,4,sunny,muffin,29,27,2,2.75,0.9,74.25,1.8
2024-03-22,Friday,4,sunny,sourdough,15,14,1,8.0,2.5,112.0,2.5
2024-03-22,Friday,4,sunny,baguette,22,20,2,4.0,1.3,80.0,2.6
2024-03-22,Friday,4,sunny,cookie,62,57,5,1.5,0.4,85.5,2.0
2024-03-23,Saturday,5,sunny,croissant,86,79,7,3.5,1.2,276.5,8.4
2024-03-23,Saturday,5,sunny,muffin,61,53,8,2.75,0.9,145.75,7.2
2024-03-23,Saturday,5,sunny,sourdough,35,34,1,8.0,2.5,272.0,2.5
2024-03-23,Saturday,5,sunny,baguette,46,41,5,4.0,1.3,164.0,6.5
2024-03-23,Saturday,5,sunny,cookie,98,90,8,1.5,0.4,135.0,3.2
2024-03-24,Sunday,6,sunny,croissant,76,69,7,3.5,1.2,241.5,8.4
2024-03-24,Sunday,6,sunny,muffin,54,48,6,2.75,0.9,132.0,5.4
2024-03-24,Sunday,6,sunny,sourdough,34,30,4,8.0,2.5,240.0,10.0
2024-03-24,Sunday,6,sunny,baguette,43,37,6,4.0,1.3,148.0,7.8
2024-03-24,Sunday,6,sunny,cookie,87,74,13,1.5,0.4,111.0,5.2
2024-03-25,Monday,0,sunny,croissant,29,26,3,3.5,1.2,91.0,3.6
2024-03-25,Monday,0,sunny,muffin,24,21,3,2.75,0.9,57.75,2.7
2024-03-25,Monday,0,sunny,sourdough,9,9,0,8.0,2.5,72.0,0.0
2024-03-25,Monday,0,sunny,baguette,16,15,1,4.0,1.3,60.0,1.3
2024-03-25,Monday,0,sunny,cookie,35,31,4,1.5,0.4,46.5,1.6
2024-03-26,Tuesday,1,sunny,croissant,37,32,5,3.5,1.2,112.0,6.0
2024-03-26,Tuesday,1,sunny,muffin,28,26,2,2.75,0.9,71.5,1.8
2024-03-26,Tuesday,1,sunny,sourdough,14,13,1,8.0,2.5,104.0,2.5
2024-03-26,Tuesday,1,sunny,baguette,19,17,2,4.0,1.3,68.0,2.6
2024-03-26,Tuesday,1,sunny,cookie,40,38,2,1.5,0.4,57.0,0.8
2024-03-27,Wednesday,2,sunny,croissant,35,30,5,3.5,1.2,105.0,6.0
2024-03-27,Wednesday,2,sunny,muffin,32,28,4,2.75,0.9,77.0,3.6
2024-03-27,Wednesday,2,sunny,sourdough,16,14,2,8.0,2.5,112.0,5.0
2024-03-27,Wednesday,2,sunny,baguette,19,18,1,4.0,1.3,72.0,1.3
2024-03-27,Wednesday,2,sunny,cookie,48,46,2,1.5,0.4,69.0,0.8
2024-03-28,Thursday,3,sunny,croissant,40,35,5,3.5,1.2,122.5,6.0
2024-03-28,Thursday,3,sunny,muffin,31,28,3,2.75,0.9,77.0,2.7
2024-03-28,Thursday,3,sunny,sourdough,16,14,2,8.0,2.5,112.0,5.0
2024-03-28,Thursday,3,sunny,baguette,16,15,1,4.0,1.3,60.0,1.3
2024-03-28,Thursday,3,sunny,cookie,44,38,6,1.5,0.4,57.0,2.4
2024-03-29,Friday,4,sunny,croissant,47,44,3,3.5,1.2,154.0,3.6
2024-03-29,Friday,4,sunny,muffin,30,26,4,2.75,0.9,71.5,3.6
2024-03-29,Friday,4,sunny,sourdough,17,16,1,8.0,2.5,128.0,2.5
2024-03-29,Friday,4,sunny,baguette,20,19,1,4.0,1.3,76.0,1.3
2024-03-29,Friday,4,sunny,cookie,61,56,5,1.5,0.4,84.0,2.0
2024-03-30,Saturday,5,sunny,croissant,78,66,12,3.5,1.2,231.0,14.4
2024-03-30,Saturday,5,sunny,muffin,51,46,5,2.75,0.9,126.5,4.5
2024-03-30,Saturday,5,sunny,sourdough,39,34,5,8.0,2.5,272.0,12.5
2024-03-30,Saturday,5,sunny,baguette,50,45,5,4.0,1.3,180.0,6.5
2024-03-30,Saturday,5,sunny,cookie,92,86,6,1.5,0.4,129.0,2.4
2024-03-31,Sunday,6,sunny,croissant,66,59,7,3.5,1.2,206.5,8.4
2024-03-31,Sunday,6,sunny,muffin,53,45,8,2.75,0.9,123.75,7.2
2024-03-31,Sunday,6,sunny,sourdough,26,24,2,8.0,2.5,192.0,5.0
2024-03-31,Sunday,6,sunny,baguette,41,35,6,4.0,1.3,140.0,7.8
2024-03-31,Sunday,6,sunny,cookie,84,79,5,1.5,0.4,118.5,2.0
2024-04-01,Monday,0,sunny,croissant,33,28,5,3.5,1.2,98.0,6.0
2024-04-01,Monday,0,sunny,muffin,22,20,2,2.75,0.9,55.0,1.8
2024-04-01,Monday,0,sunny,sourdough,9,9,0,8.0,2.5,72.0,0.0
2024-04-01,Monday,0,sunny,baguette,16,15,1,4.0,1.3,60.0,1.3
2024-04-01,Monday,0,sunny,cookie,41,36,5,1.5,0.4,54.0,2.0
2024-04-02,Tuesday,1,sunny,croissant,31,27,4,3.5,1.2,94.5,4.8
2024-04-02,Tuesday,1,sunny,muffin,23,22,1,2.75,0.9,60.5,0.9
2024-04-02,Tuesday,1,sunny,sourdough,12,12,0,8.0,2.5,96.0,0.0
2024-04-02,Tuesday,1,sunny,baguette,18,17,1,4.0,1.3,68.0,1.3
2024-04-02,Tuesday,1,sunny,cookie,42,36,6,1.5,0.4,54.0,2.4
2024-04-03,Wednesday,2,sunny,croissant,35,30,5,3.5,1.2,105.0,6.0
2024-04-03,Wednesday,2,sunny,muffin,24,21,3,2.75,0.9,57.75,2.7
2024-04-03,Wednesday,2,sunny,sourdough,11,11,0,8.0,2.5,88.0,0.0
2024-04-03,Wednesday,2,sunny,baguette,16,15,1,4.0,1.3,60.0,1.3
2024-04-03,Wednesday,2,sunny,cookie,46,44,2,1.5,0.4,66.0,0.8
2024-04-04,Thursday,3,rainy,croissant,46,43,3,3.5,1.2,150.5,3.6
2024-04-04,Thursday,3,rainy,muffin,32,30,2,2.75,0.9,82.5,1.8
2024-04-04,Thursday,3,rainy,sourdough,11,10,1,8.0,2.5,80.0,2.5
2024-04-04,Thursday,3,rainy,baguette,19,17,2,4.0,1.3,68.0,2.6
2024-04-04,Thursday,3,rainy,cookie,59,51,8,1.5,0.4,76.5,3.2
2024-04-05,Friday,4,sunny,croissant,39,35,4,3.5,1.2,122.5,4.8
2024-04-05,Friday,4,sunny,muffin,35,34,1,2.75,0.9,93.5,0.9
2024-04-05,Friday,4,sunny,sourdough,18,16,2,8.0,2.5,128.0,5.0
2024-04-05,Friday,4,sunny,baguette,22,20,2,4.0,1.3,80.0,2.6
2024-04-05,Friday,4,sunny,cookie,59,56,3,1.5,0.4,84.0,1.2
2024-04-06,Saturday,5,sunny,croissant,84,73,11,3.5,1.2,255.5,13.2
2024-04-06,Saturday,5,sunny,muffin,61,52,9,2.75,0.9,143.0,8.1
2024-04-06,Saturday,5,sunny,sourdough,29,28,1,8.0,2.5,224.0,2.5
2024-04-06,Saturday,5,sunny,baguette,43,41,2,4.0,1.3,164.0,2.6
2024-04-06,Saturday,5,sunny,cookie,85,75,10,1.5,0.4,112.5,4.0
2024-04-07,Sunday,6,sunny,croissant,75,63,12,3.5,1.2,220.5,14.4
2024-04-07,Sunday,6,sunny,muffin,52,47,5,2.75,0.9,129.25,4.5
2024-04-07,Sunday,6,sunny,sourdough,30,29,1,8.0,2.5,232.0,2.5
2024-04-07,Sunday,6,sunny,baguette,44,38,6,4.0,1.3,152.0,7.8
2024-04-07,Sunday,6,sunny,cookie,87,75,12,1.5,0.4,112.5,4.8
2024-04-08,Monday,0,sunny,croissant,27,25,2,3.5,1.2,87.5,2.4
2024-04-08,Monday,0,sunny,muffin,20,19,1,2.75,0.9,52.25,0.9
2024-04-08,Monday,0,sunny,sourdough,11,10,1,8.0,2.5,80.0,2.5
2024-04-08,Monday,0,sunny,baguette,13,12,1,4.0,1.3,48.0,1.3
2024-04-08,Monday,0,sunny,cookie,39,36,3,1.5,0.4,54.0,1.2
2024-04-09,Tuesday,1,rainy,croissant,41,39,2,3.5,1.2,136.5,2.4
2024-04-09,Tuesday,1,rainy,muffin,32,31,1,2.75,0.9,85.25,0.9
2024-04-09,Tuesday,1,rainy,sourdough,10,9,1,8.0,2.5,72.0,2.5
2024-04-09,Tuesday,1,rainy,baguette,18,16,2,4.0,1.3,64.0,2.6
2024-04-09,Tuesday,1,rainy,cookie,53,47,6,1.5,0.4,70.5,2.4
2024-04-10,Wednesday,2,sunny,croissant,33,30,3,3.5,1.2,105.0,3.6
2024-04-10,Wednesday,2,sunny,muffin,30,26,4,2.75,0.9,71.5,3.6
2024-04-10,Wednesday,2,sunny,sourdough,16,14,2,8.0,2.5,112.0,5.0
2024-04-10,Wednesday,2,sunny,baguette,21,19,2,4.0,1.3,76.0,2.6
2024-04-10,Wednesday,2,sunny,cookie,45,40,5,1.5,0.4,60.0,2.0
2024-04-11,Thursday,3,rainy,croissant,44,41,3,3.5,1.2,143.5,3.6
2024-04-11,Thursday,3,rainy,muffin,32,28,4,2.75,0.9,77.0,3.6
2024-04-11,Thursday,3,rainy,sourdough,12,11,1,8.0,2.5,88.0,2.5
2024-04-11,Thursday,3,rainy,baguette,19,17,2,4.0,1.3,68.0,2.6
2024-04-11,Thursday,3,rainy,cookie,68,57,11,1.5,0.4,85.5,4.4
2024-04-12,Friday,4,sunny,croissant,47,41,6,3.5,1.2,143.5,7.2
2024-04-12,Friday,4,sunny,muffin,29,25,4,2.75,0.9,68.75,3.6
2024-04-12,Friday,4,sunny,sourdough,17,16,1,8.0,2.5,128.0,2.5
2024-04-12,Friday,4,sunny,baguette,20,18,2,4.0,1.3,72.0,2.6
2024-04-12,Friday,4,sunny,cookie,51,47,4,1.5,0.4,70.5,1.6
2024-04-13,Saturday,5,rainy,croissant,104,92,12,3.5,1.2,322.0,14.4
2024-04-13,Saturday,5,rainy,muffin,65,61,4,2.75,0.9,167.75,3.6
2024-04-13,Saturday,5,rainy,sourdough,31,30,1,8.0,2.5,240.0,2.5
2024-04-13,Saturday,5,rainy,baguette,44,41,3,4.0,1.3,164.0,3.9
2024-04-13,Saturday,5,rainy,cookie,99,90,9,1.5,0.4,135.0,3.6
2024-04-14,Sunday,6,sunny,croissant,82,71,11,3.5,1.2,248.5,13.2
2024-04-14,Sunday,6,sunny,muffin,49,47,2,2.75,0.9,129.25,1.8
2024-04-14,Sunday,6,sunny,sourdough,25,24,1,8.0,2.5,192.0,2.5
2024-04-14,Sunday,6,sunny,baguette,42,37,5,4.0,1.3,148.0,6.5
2024-04-14,Sunday,6,sunny,cookie,77,67,10,1.5,0.4,100.5,4.0
2024-04-15,Monday,0,sunny,croissant,29,27,2,3.5,1.2,94.5,2.4
2024-04-15,Monday,0,sunny,muffin,23,22,1,2.75,0.9,60.5,0.9
2024-04-15,Monday,0,sunny,sourdough,10,10,0,8.0,2.5,80.0,0.0
2024-04-15,Monday,0,sunny,baguette,15,14,1,4.0,1.3,56.0,1.3
2024-04-15,Monday,0,sunny,cookie,38,36,2,1.5,0.4,54.0,0.8
2024-04-16,Tuesday,1,sunny,croissant,33,32,1,3.5,1.2,112.0,1.2
2024-04-16,Tuesday,1,sunny,muffin,23,22,1,2.75,0.9,60.5,0.9
2024-04-16,Tuesday,1,sunny,sourdough,10,10,0,8.0,2.5,80.0,0.0
2024-04-16,Tuesday,1,sunny,baguette,15,15,0,4.0,1.3,60.0,0.0
2024-04-16,Tuesday,1,sunny,cookie,45,42,3,1.5,0.4,63.0,1.2
2024-04-17,Wednesday,2,sunny,croissant,40,36,4,3.5,1.2,126.0,4.8
2024-04-17,Wednesday,2,sunny,muffin,32,28,4,2.75,0.9,77.0,3.6
2024-04-17,Wednesday,2,sunny,sourdough,12,11,1,8.0,2.5,88.0,2.5
2024-04-17,Wednesday,2,sunny,baguette,14,14,0,4.0,1.3,56.0,0.0
2024-04-17,Wednesday,2,sunny,cookie,55,47,8,1.5,0.4,70.5,3.2
2024-04-18,Thursday,3,sunny,croissant,41,36,5,3.5,1.2,126.0,6.0
2024-04-18,Thursday,3,sunny,muffin,27,26,1,2.75,0.9,71.5,0.9
2024-04-18,Thursday,3,sunny,sourdough,12,11,1,8.0,2.5,88.0,2.5
2024-04-18,Thursday,3,sunny,baguette,21,19,2,4.0,1.3,76.0,2.6
2024-04-18,Thursday,3,sunny,cookie,58,49,9,1.5,0.4,73.5,3.6
2024-04-19,Friday,4,rainy,croissant,52,48,4,3.5,1.2,168.0,4.8
2024-04-19,Friday,4,rainy,muffin,40,36,4,2.75,0.9,99.0,3.6
2024-04-19,Friday,4,rainy,sourdough,14,13,1,8.0,2.5,104.0,2.5
2024-04-19,Friday,4,rainy,baguette,19,18,1,4.0,1.3,72.0,1.3
2024-04-19,Friday,4,rainy,cookie,57,51,6,1.5,0.4,76.5,2.4
2024-04-20,Saturday,5,rainy,croissant,98,83,15,3.5,1.2,290.5,18.0
2024-04-20,Saturday,5,rainy,muffin,69,60,9,2.75,0.9,165.0,8.1
2024-04-20,Saturday,5,rainy,sourdough,36,31,5,8.0,2.5,248.0,12.5
2024-04-20,Saturday,5,rainy,baguette,37,35,2,4.0,1.3,140.0,2.6
2024-04-20,Saturday,5,rainy,cookie,95,84,11,1.5,0.4,126.0,4.4
2024-04-21,Sunday,6,sunny,croissant,75,70,5,3.5,1.2,245.0,6.0
2024-04-21,Sunday,6,sunny,muffin,56,50,6,2.75,0.9,137.5,5.4
2024-04-21,Sunday,6,sunny,sourdough,34,30,4,8.0,2.5,240.0,10.0
2024-04-21,Sunday,6,sunny,baguette,41,35,6,4.0,1.3,140.0,7.8
2024-04-21,Sunday,6,sunny,cookie,83,73,10,1.5,0.4,109.5,4.0
2024-04-22,Monday,0,sunny,croissant,35,31,4,3.5,1.2,108.5,4.8
2024-04-22,Monday,0,sunny,muffin,19,18,1,2.75,0.9,49.5,0.9
2024-04-22,Monday,0,sunny,sourdough,10,10,0,8.0,2.5,80.0,0.0
2024-04-22,Monday,0,sunny,baguette,13,13,0,4.0,1.3,52.0,0.0
2024-04-22,Monday,0,sunny,cookie,38,35,3,1.5,0.4,52.5,1.2
2024-04-23,Tuesday,1,sunny,croissant,31,27,4,3.5,1.2,94.5,4.8
2024-04-23,Tuesday,1,sunny,muffin,23,20,3,2.75,0.9,55.0,2.7
2024-04-23,Tuesday,1,sunny,sourdough,14,13,1,8.0,2.5,104.0,2.5
2024-04-23,Tuesday,1,sunny,baguette,17,16,1,4.0,1.3,64.0,1.3
2024-04-23,Tuesday,1,sunny,cookie,46,40,6,1.5,0.4,60.0,2.4
2024-04-24,Wednesday,2,sunny,croissant,38,33,5,3.5,1.2,115.5,6.0
2024-04-24,Wednesday,2,sunny,muffin,28,26,2,2.75,0.9,71.5,1.8
2024-04-24,Wednesday,2,sunny,sourdough,12,12,0,8.0,2.5,96.0,0.0
2024-04-24,Wednesday,2,sunny,baguette,14,14,0,4.0,1.3,56.0,0.0
2024-04-24,Wednesday,2,sunny,cookie,51,47,4,1.5,0.4,70.5,1.6
2024-04-25,Thursday,3,sunny,croissant,38,36,2,3.5,1.2,126.0,2.4
2024-04-25,Thursday,3,sunny,muffin,26,24,2,2.75,0.9,66.0,1.8
2024-04-25,Thursday,3,sunny,sourdough,14,13,1,8.0,2.5,104.0,2.5
2024-04-25,Thursday,3,sunny,baguette,17,16,1,4.0,1.3,64.0,1.3
2024-04-25,Thursday,3,sunny,cookie,46,42,4,1.5,0.4,63.0,1.6
2024-04-26,Friday,4,sunny,croissant,47,41,6,3.5,1.2,143.5,7.2
2024-04-26,Friday,4,sunny,muffin,32,31,1,2.75,0.9,85.25,0.9
2024-04-26,Friday,4,sunny,sourdough,14,13,1,8.0,2.5,104.0,2.5
2024-04-26,Friday,4,sunny,baguette,20,18,2,4.0,1.3,72.0,2.6
2024-04-26,Friday,4,sunny,cookie,61,52,9,1.5,0.4,78.0,3.6
2024-04-27,Saturday,5,sunny,croissant,80,71,9,3.5,1.2,248.5,10.8
2024-04-27,Saturday,5,sunny,muffin,50,46,4,2.75,0.9,126.5,3.6
2024-04-27,Saturday,5,sunny,sourdough,41,36,5,8.0,2.5,288.0,12.5
2024-04-27,Saturday,5,sunny,baguette,44,39,5,4.0,1.3,156.0,6.5
2024-04-27,Saturday,5,sunny,cookie,99,91,8,1.5,0.4,136.5,3.2
2024-04-28,Sunday,6,sunny,croissant,85,73,12,3.5,1.2,255.5,14.4
2024-04-28,Sunday,6,sunny,muffin,57,49,8,2.75,0.9,134.75,7.2
2024-04-28,Sunday,6,sunny,sourdough,34,30,4,8.0,2.5,240.0,10.0
2024-04-28,Sunday,6,sunny,baguette,41,36,5,4.0,1.3,144.0,6.5
2024-04-28,Sunday,6,sunny,cookie,77,70,7,1.5,0.4,105.0,2.8
2024-04-29,Monday,0,sunny,croissant,27,25,2,3.5,1.2,87.5,2.4
2024-04-29,Monday,0,sunny,muffin,25,23,2,2.75,0.9,63.25,1.8
2024-04-29,Monday,0,sunny,sourdough,9,9,0,8.0,2.5,72.0,0.0
2024-04-29,Monday,0,sunny,baguette,14,12,2,4.0,1.3,48.0,2.6
2024-04-29,Monday,0,sunny,cookie,34,30,4,1.5,0.4,45.0,1.6
2024-04-30,Tuesday,1,sunny,croissant,36,35,1,3.5,1.2,122.5,1.2
2024-04-30,Tuesday,1,sunny,muffin,25,22,3,2.75,0.9,60.5,2.7
2024-04-30,Tuesday,1,sunny,sourdough,11,10,1,8.0,2.5,80.0,2.5
2024-04-30,Tuesday,1,sunny,baguette,16,14,2,4.0,1.3,56.0,2.6
2024-04-30,Tuesday,1,sunny,cookie,50,43,7,1.5,0.4,64.5,2.8
2024-05-01,Wednesday,2,rainy,croissant,40,36,4,3.5,1.2,126.0,4.8
2024-05-01,Wednesday,2,rainy,muffin,34,32,2,2.75,0.9,88.0,1.8
2024-05-01,Wednesday,2,rainy,sourdough,12,11,1,8.0,2.5,88.0,2.5
2024-05-01,Wednesday,2,rainy,baguette,18,17,1,4.0,1.3,68.0,1.3
2024-05-01,Wednesday,2,rainy,cookie,53,49,4,1.5,0.4,73.5,1.6
2024-05-02,Thursday,3,sunny,croissant,41,35,6,3.5,1.2,122.5,7.2
2024-05-02,Thursday,3,sunny,muffin,29,25,4,2.75,0.9,68.75,3.6
2024-05-02,Thursday,3,sunny,sourdough,16,15,1,8.0,2.5,120.0,2.5
2024-05-02,Thursday,3,sunny,baguette,17,16,1,4.0,1.3,64.0,1.3
2024-05-02,Thursday,3,sunny,cookie,53,45,8,1.5,0.4,67.5,3.2
2024-05-03,Friday,4,sunny,croissant,46,43,3,3.5,1.2,150.5,3.6
2024-05-03,Friday,4,sunny,muffin,30,27,3,2.75,0.9,74.25,2.7
2024-05-03,Friday,4,sunny,sourdough,18,16,2,8.0,2.5,128.0,5.0
2024-05-03,Friday,4,sunny,baguette,20,17,3,4.0,1.3,68.0,3.9
2024-05-03,Friday,4,sunny,cookie,60,55,5,1.5,0.4,82.5,2.0
2024-05-04,Saturday,5,sunny,croissant,83,70,13,3.5,1.2,245.0,15.6
2024-05-04,Saturday,5,sunny,muffin,52,47,5,2.75,0.9,129.25,4.5
2024-05-04,Saturday,5,sunny,sourdough,38,36,2,8.0,2.5,288.0,5.0
2024-05-04,Saturday,5,sunny,baguette,42,39,3,4.0,1.3,156.0,3.9
2024-05-04,Saturday,5,sunny,cookie,73,69,4,1.5,0.4,103.5,1.6
2024-05-05,Sunday,6,sunny,croissant,73,61,12,3.5,1.2,213.5,14.4
2024-05-05,Sunday,6,sunny,muffin,47,45,2,2.75,0.9,123.75,1.8
2024-05-05,Sunday,6,sunny,sourdough,37,32,5,8.0,2.5,256.0,12.5
2024-05-05,Sunday,6,sunny,baguette,43,37,6,4.0,1.3,148.0,7.8
2024-05-05,Sunday,6,sunny,cookie,69,64,5,1.5,0.4,96.0,2.0
2024-05-06,Monday,0,sunny,croissant,31,29,2,3.5,1.2,101.5,2.4
2024-05-06,Monday,0,sunny,muffin,24,22,2,2.75,0.9,60.5,1.8
2024-05-06,Monday,0,sunny,sourdough,8,8,0,8.0,2.5,64.0,0.0
2024-05-06,Monday,0,sunny,baguette,14,12,2,4.0,1.3,48.0,2.6
2024-05-06,Monday,0,sunny,cookie,40,35,5,1.5,0.4,52.5,2.0
2024-05-07,Tuesday,1,sunny,croissant,30,28,2,3.5,1.2,98.0,2.4
2024-05-07,Tuesday,1,sunny,muffin,23,22,1,2.75,0.9,60.5,0.9
2024-05-07,Tuesday,1,sunny,sourdough,12,11,1,8.0,2.5,88.0,2.5
2024-05-07,Tuesday,1,sunny,baguette,15,15,0,4.0,1.3,60.0,0.0
2024-05-07,Tuesday,1,sunny,cookie,50,44,6,1.5,0.4,66.0,2.4
2024-05-08,Wednesday,2,rainy,croissant,40,37,3,3.5,1.2,129.5,3.6
2024-05-08,Wednesday,2,rainy,muffin,30,27,3,2.75,0.9,74.25,2.7
2024-05-08,Wednesday,2,rainy,sourdough,11,11,0,8.0,2.5,88.0,0.0
2024-05-08,Wednesday,2,rainy,baguette,17,15,2,4.0,1.3,60.0,2.6
2024-05-08,Wednesday,2,rainy,cookie,50,42,8,1.5,0.4,63.0,3.2
2024-05-09,Thursday,3,rainy,croissant,43,39,4,3.5,1.2,136.5,4.8
2024-05-09,Thursday,3,rainy,muffin,41,37,4,2.75,0.9,101.75,3.6
2024-05-09,Thursday,3,rainy,sourdough,12,11,1,8.0,2.5,88.0,2.5
2024-05-09,Thursday,3,rainy,baguette,20,17,3,4.0,1.3,68.0,3.9
2024-05-09,Thursday,3,rainy,cookie,49,47,2,1.5,0.4,70.5,0.8
2024-05-10,Friday,4,sunny,croissant,44,38,6,3.5,1.2,133.0,7.2
2024-05-10,Friday,4,sunny,muffin,36,31,5,2.75,0.9,85.25,4.5
2024-05-10,Friday,4,sunny,sourdough,17,16,1,8.0,2.5,128.0,2.5
2024-05-10,Friday,4,sunny,baguette,19,17,2,4.0,1.3,68.0,2.6
2024-05-10,Friday,4,sunny,cookie,58,54,4,1.5,0.4,81.0,1.6
2024-05-11,Saturday,5,sunny,croissant,85,74,11,3.5,1.2,259.0,13.2
2024-05-11,Saturday,5,sunny,muffin,63,54,9,2.75,0.9,148.5,8.1
2024-05-11,Saturday,5,sunny,sourdough,32,28,4,8.0,2.5,224.0,10.0
2024-05-11,Saturday,5,sunny,baguette,42,39,3,4.0,1.3,156.0,3.9
2024-05-11,Saturday,5,sunny,cookie,74,69,5,1.5,0.4,103.5,2.0
2024-05-12,Sunday,6,rainy,croissant,93,83,10,3.5,1.2,290.5,12.0
2024-05-12,Sunday,6,rainy,muffin,72,64,8,2.75,0.9,176.0,7.2
2024-05-12,Sunday,6,rainy,sourdough,27,24,3,8.0,2.5,192.0,7.5
2024-05-12,Sunday,6,rainy,baguette,34,31,3,4.0,1.3,124.0,3.9
2024-05-12,Sunday,6,rainy,cookie,105,89,16,1.5,0.4,133.5,6.4
2024-05-13,Monday,0,sunny,croissant,26,24,2,3.5,1.2,84.0,2.4
2024-05-13,Monday,0,sunny,muffin,26,23,3,2.75,0.9,63.25,2.7
2024-05-13,Monday,0,sunny,sourdough,12,11,1,8.0,2.5,88.0,2.5
2024-05-13,Monday,0,sunny,baguette,16,15,1,4.0,1.3,60.0,1.3
2024-05-13,Monday,0,sunny,cookie,40,34,6,1.5,0.4,51.0,2.4
2024-05-14,Tuesday,1,sunny,croissant,39,34,5,3.5,1.2,119.0,6.0
2024-05-14,Tuesday,1,sunny,muffin,22,20,2,2.75,0.9,55.0,1.8
2024-05-14,Tuesday,1,sunny,sourdough,14,13,1,8.0,2.5,104.0,2.5
2024-05-14,Tuesday,1,sunny,baguette,15,15,0,4.0,1.3,60.0,0.0
2024-05-14,Tuesday,1,sunny,cookie,44,41,3,1.5,0.4,61.5,1.2
2024-05-15,Wednesday,2,sunny,croissant,38,33,5,3.5,1.2,115.5,6.0
2024-05-15,Wednesday,2,sunny,muffin,25,24,1,2.75,0.9,66.0,0.9
2024-05-15,Wednesday,2,sunny,sourdough,15,14,1,8.0,2.5,112.0,2.5
2024-05-15,Wednesday,2,sunny,baguette,20,19,1,4.0,1.3,76.0,1.3
2024-05-15,Wednesday,2,sunny,cookie,57,48,9,1.5,0.4,72.0,3.6
2024-05-16,Thursday,3,rainy,croissant,45,41,4,3.5,1.2,143.5,4.8
2024-05-16,Thursday,3,rainy,muffin,40,35,5,2.75,0.9,96.25,4.5
2024-05-16,Thursday,3,rainy,sourdough,13,13,0,8.0,2.5,104.0,0.0
2024-05-16,Thursday,3,rainy,baguette,19,17,2,4.0,1.3,68.0,2.6
2024-05-16,Thursday,3,rainy,cookie,46,44,2,1.5,0.4,66.0,0.8
2024-05-17,Friday,4,sunny,croissant,42,38,4,3.5,1.2,133.0,4.8
2024-05-17,Friday,4,sunny,muffin,34,30,4,2.75,0.9,82.5,3.6
2024-05-17,Friday,4,sunny,sourdough,17,15,2,8.0,2.5,120.0,5.0
2024-05-17,Friday,4,sunny,baguette,22,19,3,4.0,1.3,76.0,3.9
2024-05-17,Friday,4,sunny,cookie,57,51,6,1.5,0.4,76.5,2.4
2024-05-18,Saturday,5,sunny,croissant,84,78,6,3.5,1.2,273.0,7.2
2024-05-18,Saturday,5,sunny,muffin,53,46,7,2.75,0.9,126.5,6.3
2024-05-18,Saturday,5,sunny,sourdough,35,32,3,8.0,2.5,256.0,7.5
2024-05-18,Saturday,5,sunny,baguette,44,41,3,4.0,1.3,164.0,3.9
2024-05-18,Saturday,5,sunny,cookie,83,75,8,1.5,0.4,112.5,3.2
2024-05-19,Sunday,6,sunny,croissant,73,62,11,3.5,1.2,217.0,13.2
2024-05-19,Sunday,6,sunny,muffin,49,46,3,2.75,0.9,126.5,2.7
2024-05-19,Sunday,6,sunny,sourdough,34,31,3,8.0,2.5,248.0,7.5
2024-05-19,Sunday,6,sunny,baguette,44,40,4,4.0,1.3,160.0,5.2
2024-05-19,Sunday,6,sunny,cookie,72,63,9,1.5,0.4,94.5,3.6
2024-05-20,Monday,0,sunny,croissant,28,26,2,3.5,1.2,91.0,2.4
2024-05-20,Monday,0,sunny,muffin,20,18,2,2.75,0.9,49.5,1.8
2024-05-20,Monday,0,sunny,sourdough,12,11,1,8.0,2.5,88.0,2.5
2024-05-20,Monday,0,sunny,baguette,16,14,2,4.0,1.3,56.0,2.6
2024-05-20,Monday,0,sunny,cookie,42,36,6,1.5,0.4,54.0,2.4
2024-05-21,Tuesday,1,sunny,croissant,30,28,2,3.5,1.2,98.0,2.4
2024-05-21,Tuesday,1,sunny,muffin,24,21,3,2.75,0.9,57.75,2.7
2024-05-21,Tuesday,1,sunny,sourdough,11,10,1,8.0,2.5,80.0,2.5
2024-05-21,Tuesday,1,sunny,baguette,17,15,2,4.0,1.3,60.0,2.6
2024-05-21,Tuesday,1,sunny,cookie,45,40,5,1.5,0.4,60.0,2.0
2024-05-22,Wednesday,2,rainy,croissant,41,35,6,3.5,1.2,122.5,7.2
2024-05-22,Wednesday,2,rainy,muffin,36,32,4,2.75,0.9,88.0,3.6
2024-05-22,Wednesday,2,rainy,sourdough,14,12,2,8.0,2.5,96.0,5.0
2024-05-22,Wednesday,2,rainy,baguette,16,14,2,4.0,1.3,56.0,2.6
2024-05-22,Wednesday,2,rainy,cookie,55,50,5,1.5,0.4,75.0,2.0
2024-05-23,Thursday,3,sunny,croissant,40,34,6,3.5,1.2,119.0,7.2
2024-05-23,Thursday,3,sunny,muffin,33,29,4,2.75,0.9,79.75,3.6
2024-05-23,Thursday,3,sunny,sourdough,14,12,2,8.0,2.5,96.0,5.0
2024-05-23,Thursday,3,sunny,baguette,20,17,3,4.0,1.3,68.0,3.9
2024-05-23,Thursday,3,sunny,cookie,40,38,2,1.5,0.4,57.0,0.8
2024-05-24,Friday,4,rainy,croissant,42,39,3,3.5,1.2,136.5,3.6
2024-05-24,Friday,4,rainy,muffin,41,38,3,2.75,0.9,104.5,2.7
2024-05-24,Friday,4,rainy,sourdough,17,15,2,8.0,2.5,120.0,5.0
2024-05-24,Friday,4,rainy,baguette,21,20,1,4.0,1.3,80.0,1.3
2024-05-24,Friday,4,rainy,cookie,66,59,7,1.5,0.4,88.5,2.8
2024-05-25,Saturday,5,rainy,croissant,88,78,10,3.5,1.2,273.0,12.0
2024-05-25,Saturday,5,rainy,muffin,67,63,4,2.75,0.9,173.25,3.6
2024-05-25,Saturday,5,rainy,sourdough,35,33,2,8.0,2.5,264.0,5.0
2024-05-25,Saturday,5,rainy,baguette,46,40,6,4.0,1.3,160.0,7.8
2024-05-25,Saturday,5,rainy,cookie,112,96,16,1.5,0.4,144.0,6.4
2024-05-26,Sunday,6,sunny,croissant,76,73,3,3.5,1.2,255.5,3.6
2024-05-26,Sunday,6,sunny,muffin,45,40,5,2.75,0.9,110.0,4.5
2024-05-26,Sunday,6,sunny,sourdough,33,29,4,8.0,2.5,232.0,10.0
2024-05-26,Sunday,6,sunny,baguette,42,38,4,4.0,1.3,152.0,5.2
2024-05-26,Sunday,6,sunny,cookie,84,75,9,1.5,0.4,112.5,3.6
2024-05-27,Monday,0,sunny,croissant,31,26,5,3.5,1.2,91.0,6.0
2024-05-27,Monday,0,sunny,muffin,23,20,3,2.75,0.9,55.0,2.7
2024-05-27,Monday,0,sunny,sourdough,12,11,1,8.0,2.5,88.0,2.5
2024-05-27,Monday,0,sunny,baguette,12,12,0,4.0,1.3,48.0,0.0
2024-05-27,Monday,0,sunny,cookie,38,34,4,1.5,0.4,51.0,1.6
2024-05-28,Tuesday,1,rainy,croissant,39,36,3,3.5,1.2,126.0,3.6
2024-05-28,Tuesday,1,rainy,muffin,34,30,4,2.75,0.9,82.5,3.6
2024-05-28,Tuesday,1,rainy,sourdough,13,11,2,8.0,2.5,88.0,5.0
2024-05-28,Tuesday,1,rainy,baguette,14,13,1,4.0,1.3,52.0,1.3
2024-05-28,Tuesday,1,rainy,cookie,50,46,4,1.5,0.4,69.0,1.6
2024-05-29,Wednesday,2,sunny,croissant,33,31,2,3.5,1.2,108.5,2.4
2024-05-29,Wednesday,2,sunny,muffin,24,22,2,2.75,0.9,60.5,1.8
2024-05-29,Wednesday,2,sunny,sourdough,13,12,1,8.0,2.5,96.0,2.5
2024-05-29,Wednesday,2,sunny,baguette,17,15,2,4.0,1.3,60.0,2.6
2024-05-29,Wednesday,2,sunny,cookie,41,38,3,1.5,0.4,57.0,1.2
2024-05-30,Thursday,3,sunny,croissant,38,33,5,3.5,1.2,115.5,6.0
2024-05-30,Thursday,3,sunny,muffin,29,26,3,2.75,0.9,71.5,2.7
2024-05-30,Thursday,3,sunny,sourdough,14,13,1,8.0,2.5,104.0,2.5
2024-05-30,Thursday,3,sunny,baguette,17,15,2,4.0,1.3,60.0,2.6
2024-05-30,Thursday,3,sunny,cookie,53,45,8,1.5,0.4,67.5,3.2
2024-05-31,Friday,4,rainy,croissant,44,42,2,3.5,1.2,147.0,2.4
2024-05-31,Friday,4,rainy,muffin,41,35,6,2.75,0.9,96.25,5.4
2024-05-31,Friday,4,rainy,sourdough,15,14,1,8.0,2.5,112.0,2.5
2024-05-31,Friday,4,rainy,baguette,22,19,3,4.0,1.3,76.0,3.9
2024-05-31,Friday,4,rainy,cookie,66,56,10,1.5,0.4,84.0,4.0
2024-06-01,Saturday,5,sunny,croissant,89,81,8,3.5,1.2,283.5,9.6
2024-06-01,Saturday,5,sunny,muffin,57,51,6,2.75,0.9,140.25,5.4
2024-06-01,Saturday,5,sunny,sourdough,32,29,3,8.0,2.5,232.0,7.5
2024-06-01,Saturday,5,sunny,baguette,39,35,4,4.0,1.3,140.0,5.2
2024-06-01,Saturday,5,sunny,cookie,95,87,8,1.5,0.4,130.5,3.2
2024-06-02,Sunday,6,sunny,croissant,74,70,4,3.5,1.2,245.0,4.8
2024-06-02,Sunday,6,sunny,muffin,58,53,5,2.75,0.9,145.75,4.5
2024-06-02,Sunday,6,sunny,sourdough,34,31,3,8.0,2.5,248.0,7.5
2024-06-02,Sunday,6,sunny,baguette,46,40,6,4.0,1.3,160.0,7.8
2024-06-02,Sunday,6,sunny,cookie,73,65,8,1.5,0.4,97.5,3.2
2024-06-03,Monday,0,sunny,croissant,25,24,1,3.5,1.2,84.0,1.2
2024-06-03,Monday,0,sunny,muffin,21,19,2,2.75,0.9,52.25,1.8
2024-06-03,Monday,0,sunny,sourdough,11,10,1,8.0,2.5,80.0,2.5
2024-06-03,Monday,0,sunny,baguette,15,14,1,4.0,1.3,56.0,1.3
2024-06-03,Monday,0,sunny,cookie,38,36,2,1.5,0.4,54.0,0.8
2024-06-04,Tuesday,1,sunny,croissant,37,34,3,3.5,1.2,119.0,3.6
2024-06-04,Tuesday,1,sunny,muffin,25,22,3,2.75,0.9,60.5,2.7
2024-06-04,Tuesday,1,sunny,sourdough,13,12,1,8.0,2.5,96.0,2.5
2024-06-04,Tuesday,1,sunny,baguette,17,15,2,4.0,1.3,60.0,2.6
2024-06-04,Tuesday,1,sunny,cookie,43,38,5,1.5,0.4,57.0,2.0
2024-06-05,Wednesday,2,sunny,croissant,39,34,5,3.5,1.2,119.0,6.0
2024-06-05,Wednesday,2,sunny,muffin,31,27,4,2.75,0.9,74.25,3.6
2024-06-05,Wednesday,2,sunny,sourdough,11,10,1,8.0,2.5,80.0,2.5
2024-06-05,Wednesday,2,sunny,baguette,22,19,3,4.0,1.3,76.0,3.9
2024-06-05,Wednesday,2,sunny,cookie,52,46,6,1.5,0.4,69.0,2.4
2024-06-06,Thursday,3,sunny,croissant,38,36,2,3.5,1.2,126.0,2.4
2024-06-06,Thursday,3,sunny,muffin,32,28,4,2.75,0.9,77.0,3.6
2024-06-06,Thursday,3,sunny,sourdough,15,14,1,8.0,2.5,112.0,2.5
2024-06-06,Thursday,3,sunny,baguette,18,18,0,4.0,1.3,72.0,0.0
2024-06-06,Thursday,3,sunny,cookie,54,51,3,1.5,0.4,76.5,1.2
2024-06-07,Friday,4,rainy,croissant,43,41,2,3.5,1.2,143.5,2.4
2024-06-07,Friday,4,rainy,muffin,42,38,4,2.75,0.9,104.5,3.6
2024-06-07,Friday,4,rainy,sourdough,16,14,2,8.0,2.5,112.0,5.0
2024-06-07,Friday,4,rainy,baguette,24,21,3,4.0,1.3,84.0,3.9
2024-06-07,Friday,4,rainy,cookie,52,49,3,1.5,0.4,73.5,1.2
2024-06-08,Saturday,5,rainy,croissant,89,78,11,3.5,1.2,273.0,13.2
2024-06-08,Saturday,5,rainy,muffin,69,63,6,2.75,0.9,173.25,5.4
2024-06-08,Saturday,5,rainy,sourdough,30,26,4,8.0,2.5,208.0,10.0
2024-06-08,Saturday,5,rainy,baguette,39,36,3,4.0,1.3,144.0,3.9
2024-06-08,Saturday,5,rainy,cookie,115,100,15,1.5,0.4,150.0,6.0
2024-06-09,Sunday,6,sunny,croissant,81,71,10,3.5,1.2,248.5,12.0
2024-06-09,Sunday,6,sunny,muffin,45,42,3,2.75,0.9,115.5,2.7
2024-06-09,Sunday,6,sunny,sourdough,31,29,2,8.0,2.5,232.0,5.0
2024-06-09,Sunday,6,sunny,baguette,44,41,3,4.0,1.3,164.0,3.9
2024-06-09,Sunday,6,sunny,cookie,72,67,5,1.5,0.4,100.5,2.0
2024-06-10,Monday,0,sunny,croissant,28,26,2,3.5,1.2,91.0,2.4
2024-06-10,Monday,0,sunny,muffin,26,23,3,2.75,0.9,63.25,2.7
2024-06-10,Monday,0,sunny,sourdough,9,9,0,8.0,2.5,72.0,0.0
2024-06-10,Monday,0,sunny,baguette,15,14,1,4.0,1.3,56.0,1.3
2024-06-10,Monday,0,sunny,cookie,46,40,6,1.5,0.4,60.0,2.4
2024-06-11,Tuesday,1,sunny,croissant,37,34,3,3.5,1.2,119.0,3.6
2024-06-11,Tuesday,1,sunny,muffin,25,22,3,2.75,0.9,60.5,2.7
2024-06-11,Tuesday,1,sunny,sourdough,12,11,1,8.0,2.5,88.0,2.5
2024-06-11,Tuesday,1,sunny,baguette,15,14,1,4.0,1.3,56.0,1.3
2024-06-11,Tuesday,1,sunny,cookie,40,36,4,1.5,0.4,54.0,1.6
2024-06-12,Wednesday,2,sunny,croissant,38,36,2,3.5,1.2,126.0,2.4
2024-06-12,Wednesday,2,sunny,muffin,29,26,3,2.75,0.9,71.5,2.7
2024-06-12,Wednesday,2,sunny,sourdough,12,11,1,8.0,2.5,88.0,2.5
2024-06-12,Wednesday,2,sunny,baguette,19,17,2,4.0,1.3,68.0,2.6
2024-06-12,Wednesday,2,sunny,cookie,40,36,4,1.5,0.4,54.0,1.6
2024-06-13,Thursday,3,sunny,croissant,36,31,5,3.5,1.2,108.5,6.0
2024-06-13,Thursday,3,sunny,muffin,24,22,2,2.75,0.9,60.5,1.8
2024-06-13,Thursday,3,sunny,sourdough,16,15,1,8.0,2.5,120.0,2.5
2024-06-13,Thursday,3,sunny,baguette,23,20,3,4.0,1.3,80.0,3.9
2024-06-13,Thursday,3,sunny,cookie,47,44,3,1.5,0.4,66.0,1.2
2024-06-14,Friday,4,sunny,croissant,42,37,5,3.5,1.2,129.5,6.0
2024-06-14,Friday,4,sunny,muffin,35,33,2,2.75,0.9,90.75,1.8
2024-06-14,Friday,4,sunny,sourdough,16,15,1,8.0,2.5,120.0,2.5
2024-06-14,Friday,4,sunny,baguette,25,21,4,4.0,1.3,84.0,5.2
2024-06-14,Friday,4,sunny,cookie,60,56,4,1.5,0.4,84.0,1.6
2024-06-15,Saturday,5,sunny,croissant,80,68,12,3.5,1.2,238.0,14.4
2024-06-15,Saturday,5,sunny,muffin,66,60,6,2.75,0.9,165.0,5.4
2024-06-15,Saturday,5,sunny,sourdough,38,32,6,8.0,2.5,256.0,15.0
2024-06-15,Saturday,5,sunny,baguette,54,46,8,4.0,1.3,184.0,10.4
2024-06-15,Saturday,5,sunny,cookie,94,90,4,1.5,0.4,135.0,1.6
2024-06-16,Sunday,6,sunny,croissant,70,59,11,3.5,1.2,206.5,13.2
2024-06-16,Sunday,6,sunny,muffin,51,43,8,2.75,0.9,118.25,7.2
2024-06-16,Sunday,6,sunny,sourdough,32,29,3,8.0,2.5,232.0,7.5
2024-06-16,Sunday,6,sunny,baguette,47,40,7,4.0,1.3,160.0,9.1
2024-06-16,Sunday,6,sunny,cookie,76,71,5,1.5,0.4,106.5,2.0
2024-06-17,Monday,0,rainy,croissant,30,27,3,3.5,1.2,94.5,3.6
2024-06-17,Monday,0,rainy,muffin,24,23,1,2.75,0.9,63.25,0.9
2024-06-17,Monday,0,rainy,sourdough,11,10,1,8.0,2.5,80.0,2.5
2024-06-17,Monday,0,rainy,baguette,15,13,2,4.0,1.3,52.0,2.6
2024-06-17,Monday,0,rainy,cookie,42,36,6,1.5,0.4,54.0,2.4
2024-06-18,Tuesday,1,sunny,croissant,39,35,4,3.5,1.2,122.5,4.8
2024-06-18,Tuesday,1,sunny,muffin,24,21,3,2.75,0.9,57.75,2.7
2024-06-18,Tuesday,1,sunny,sourdough,10,10,0,8.0,2.5,80.0,0.0
2024-06-18,Tuesday,1,sunny,baguette,16,15,1,4.0,1.3,60.0,1.3
2024-06-18,Tuesday,1,sunny,cookie,40,37,3,1.5,0.4,55.5,1.2
2024-06-19,Wednesday,2,sunny,croissant,41,38,3,3.5,1.2,133.0,3.6
2024-06-19,Wednesday,2,sunny,muffin,28,27,1,2.75,0.9,74.25,0.9
2024-06-19,Wednesday,2,sunny,sourdough,15,13,2,8.0,2.5,104.0,5.0
2024-06-19,Wednesday,2,sunny,baguette,14,14,0,4.0,1.3,56.0,0.0
2024-06-19,Wednesday,2,sunny,cookie,44,40,4,1.5,0.4,60.0,1.6
2024-06-20,Thursday,3,sunny,croissant,46,40,6,3.5,1.2,140.0,7.2
2024-06-20,Thursday,3,sunny,muffin,26,25,1,2.75,0.9,68.75,0.9
2024-06-20,Thursday,3,sunny,sourdough,16,15,1,8.0,2.5,120.0,2.5
2024-06-20,Thursday,3,sunny,baguette,19,18,1,4.0,1.3,72.0,1.3
2024-06-20,Thursday,3,sunny,cookie,42,40,2,1.5,0.4,60.0,0.8
2024-06-21,Friday,4,sunny,croissant,45,41,4,3.5,1.2,143.5,4.8
2024-06-21,Friday,4,sunny,muffin,33,30,3,2.75,0.9,82.5,2.7
2024-06-21,Friday,4,sunny,sourdough,17,15,2,8.0,2.5,120.0,5.0
2024-06-21,Friday,4,sunny,baguette,19,18,1,4.0,1.3,72.0,1.3
2024-06-21,Friday,4,sunny,cookie,62,53,9,1.5,0.4,79.5,3.6
2024-06-22,Saturday,5,rainy,croissant,93,81,12,3.5,1.2,283.5,14.4
2024-06-22,Saturday,5,rainy,muffin,62,55,7,2.75,0.9,151.25,6.3
2024-06-22,Saturday,5,rainy,sourdough,28,25,3,8.0,2.5,200.0,7.5
2024-06-22,Saturday,5,rainy,baguette,43,38,5,4.0,1.3,152.0,6.5
2024-06-22,Saturday,5,rainy,cookie,91,83,8,1.5,0.4,124.5,3.2
2024-06-23,Sunday,6,sunny,croissant,63,59,4,3.5,1.2,206.5,4.8
2024-06-23,Sunday,6,sunny,muffin,49,47,2,2.75,0.9,129.25,1.8
2024-06-23,Sunday,6,sunny,sourdough,32,28,4,8.0,2.5,224.0,10.0
2024-06-23,Sunday,6,sunny,baguette,39,35,4,4.0,1.3,140.0,5.2
2024-06-23,Sunday,6,sunny,cookie,75,71,4,1.5,0.4,106.5,1.6
2024-06-24,Monday,0,sunny,croissant,34,30,4,3.5,1.2,105.0,4.8
2024-06-24,Monday,0,sunny,muffin,23,20,3,2.75,0.9,55.0,2.7
2024-06-24,Monday,0,sunny,sourdough,12,11,1,8.0,2.5,88.0,2.5
2024-06-24,Monday,0,sunny,baguette,13,12,1,4.0,1.3,48.0,1.3
2024-06-24,Monday,0,sunny,cookie,35,30,5,1.5,0.4,45.0,2.0
2024-06-25,Tuesday,1,sunny,croissant,32,27,5,3.5,1.2,94.5,6.0
2024-06-25,Tuesday,1,sunny,muffin,22,20,2,2.75,0.9,55.0,1.8
2024-06-25,Tuesday,1,sunny,sourdough,13,12,1,8.0,2.5,96.0,2.5
2024-06-25,Tuesday,1,sunny,baguette,20,18,2,4.0,1.3,72.0,2.6
2024-06-25,Tuesday,1,sunny,cookie,46,39,7,1.5,0.4,58.5,2.8
2024-06-26,Wednesday,2,sunny,croissant,43,37,6,3.5,1.2,129.5,7.2
2024-06-26,Wednesday,2,sunny,muffin,27,24,3,2.75,0.9,66.0,2.7
2024-06-26,Wednesday,2,sunny,sourdough,14,13,1,8.0,2.5,104.0,2.5
2024-06-26,Wednesday,2,sunny,baguette,18,17,1,4.0,1.3,68.0,1.3
2024-06-26,Wednesday,2,sunny,cookie,42,38,4,1.5,0.4,57.0,1.6
2024-06-27,Thursday,3,sunny,croissant,41,38,3,3.5,1.2,133.0,3.6
2024-06-27,Thursday,3,sunny,muffin,23,22,1,2.75,0.9,60.5,0.9
2024-06-27,Thursday,3,sunny,sourdough,13,12,1,8.0,2.5,96.0,2.5
2024-06-27,Thursday,3,sunny,baguette,20,18,2,4.0,1.3,72.0,2.6
2024-06-27,Thursday,3,sunny,cookie,53,49,4,1.5,0.4,73.5,1.6
2024-06-28,Friday,4,sunny,croissant,44,37,7,3.5,1.2,129.5,8.4
2024-06-28,Friday,4,sunny,muffin,34,32,2,2.75,0.9,88.0,1.8
2024-06-28,Friday,4,sunny,sourdough,17,16,1,8.0,2.5,128.0,2.5
2024-06-28,Friday,4,sunny,baguette,24,21,3,4.0,1.3,84.0,3.9
2024-06-28,Friday,4,sunny,cookie,45,42,3,1.5,0.4,63.0,1.2
2024-06-29,Saturday,5,rainy,croissant,80,71,9,3.5,1.2,248.5,10.8
2024-06-29,Saturday,5,rainy,muffin,70,67,3,2.75,0.9,184.25,2.7
2024-06-29,Saturday,5,rainy,sourdough,34,31,3,8.0,2.5,248.0,7.5
2024-06-29,Saturday,5,rainy,baguette,37,35,2,4.0,1.3,140.0,2.6
2024-06-29,Saturday,5,rainy,cookie,109,103,6,1.5,0.4,154.5,2.4
2024-06-30,Sunday,6,sunny,croissant,72,62,10,3.5,1.2,217.0,12.0
2024-06-30,Sunday,6,sunny,muffin,54,50,4,2.75,0.9,137.5,3.6
2024-06-30,Sunday,6,sunny,sourdough,33,29,4,8.0,2.5,232.0,10.0
2024-06-30,Sunday,6,sunny,baguette,37,34,3,4.0,1.3,136.0,3.9
2024-06-30,Sunday,6,sunny,cookie,73,64,9,1.5,0.4,96.0,3.6
2024-07-01,Monday,0,rainy,croissant,29,28,1,3.5,1.2,98.0,1.2
2024-07-01,Monday,0,rainy,muffin,33,28,5,2.75,0.9,77.0,4.5
2024-07-01,Monday,0,rainy,sourdough,11,10,1,8.0,2.5,80.0,2.5
2024-07-01,Monday,0,rainy,baguette,14,13,1,4.0,1.3,52.0,1.3
2024-07-01,Monday,0,rainy,cookie,53,45,8,1.5,0.4,67.5,3.2
2024-07-02,Tuesday,1,sunny,croissant,37,34,3,3.5,1.2,119.0,3.6
2024-07-02,Tuesday,1,sunny,muffin,24,23,1,2.75,0.9,63.25,0.9
2024-07-02,Tuesday,1,sunny,sourdough,12,11,1,8.0,2.5,88.0,2.5
2024-07-02,Tuesday,1,sunny,baguette,17,15,2,4.0,1.3,60.0,2.6
2024-07-02,Tuesday,1,sunny,cookie,42,37,5,1.5,0.4,55.5,2.0
2024-07-03,Wednesday,2,sunny,croissant,43,38,5,3.5,1.2,133.0,6.0
2024-07-03,Wednesday,2,sunny,muffin,32,29,3,2.75,0.9,79.75,2.7
2024-07-03,Wednesday,2,sunny,sourdough,11,11,0,8.0,2.5,88.0,0.0
2024-07-03,Wednesday,2,sunny,baguette,17,15,2,4.0,1.3,60.0,2.6
2024-07-03,Wednesday,2,sunny,cookie,55,47,8,1.5,0.4,70.5,3.2
2024-07-04,Thursday,3,rainy,croissant,45,42,3,3.5,1.2,147.0,3.6
2024-07-04,Thursday,3,rainy,muffin,34,30,4,2.75,0.9,82.5,3.6
2024-07-04,Thursday,3,rainy,sourdough,14,12,2,8.0,2.5,96.0,5.0
2024-07-04,Thursday,3,rainy,baguette,17,15,2,4.0,1.3,60.0,2.6
2024-07-04,Thursday,3,rainy,cookie,62,55,7,1.5,0.4,82.5,2.8
2024-07-05,Friday,4,sunny,croissant,48,44,4,3.5,1.2,154.0,4.8
2024-07-05,Friday,4,sunny,muffin,35,34,1,2.75,0.9,93.5,0.9
2024-07-05,Friday,4,sunny,sourdough,19,16,3,8.0,2.5,128.0,7.5
2024-07-05,Friday,4,sunny,baguette,20,17,3,4.0,1.3,68.0,3.9
2024-07-05,Friday,4,sunny,cookie,53,49,4,1.5,0.4,73.5,1.6
2024-07-06,Saturday,5,sunny,croissant,80,68,12,3.5,1.2,238.0,14.4
2024-07-06,Saturday,5,sunny,muffin,61,53,8,2.75,0.9,145.75,7.2
2024-07-06,Saturday,5,sunny,sourdough,35,31,4,8.0,2.5,248.0,10.0
2024-07-06,Saturday,5,sunny,baguette,41,38,3,4.0,1.3,152.0,3.9
2024-07-06,Saturday,5,sunny,cookie,91,81,10,1.5,0.4,121.5,4.0
2024-07-07,Sunday,6,rainy,croissant,94,84,10,3.5,1.2,294.0,12.0
2024-07-07,Sunday,6,rainy,muffin,72,61,11,2.75,0.9,167.75,9.9
2024-07-07,Sunday,6,rainy,sourdough,26,24,2,8.0,2.5,192.0,5.0
2024-07-07,Sunday,6,rainy,baguette,36,34,2,4.0,1.3,136.0,2.6
2024-07-07,Sunday,6,rainy,cookie,80,74,6,1.5,0.4,111.0,2.4
2024-07-08,Monday,0,sunny,croissant,31,28,3,3.5,1.2,98.0,3.6
2024-07-08,Monday,0,sunny,muffin,19,18,1,2.75,0.9,49.5,0.9
2024-07-08,Monday,0,sunny,sourdough,11,10,1,8.0,2.5,80.0,2.5
2024-07-08,Monday,0,sunny,baguette,14,13,1,4.0,1.3,52.0,1.3
2024-07-08,Monday,0,sunny,cookie,39,36,3,1.5,0.4,54.0,1.2
2024-07-09,Tuesday,1,sunny,croissant,41,36,5,3.5,1.2,126.0,6.0
2024-07-09,Tuesday,1,sunny,muffin,24,23,1,2.75,0.9,63.25,0.9
2024-07-09,Tuesday,1,sunny,sourdough,13,13,0,8.0,2.5,104.0,0.0
2024-07-09,Tuesday,1,sunny,baguette,19,17,2,4.0,1.3,68.0,2.6
2024-07-09,Tuesday,1,sunny,cookie,50,45,5,1.5,0.4,67.5,2.0
2024-07-10,Wednesday,2,sunny,croissant,30,29,1,3.5,1.2,101.5,1.2
2024-07-10,Wednesday,2,sunny,muffin,33,28,5,2.75,0.9,77.0,4.5
2024-07-10,Wednesday,2,sunny,sourdough,15,13,2,8.0,2.5,104.0,5.0
2024-07-10,Wednesday,2,sunny,baguette,18,16,2,4.0,1.3,64.0,2.6
2024-07-10,Wednesday,2,sunny,cookie,45,39,6,1.5,0.4,58.5,2.4
2024-07-11,Thursday,3,rainy,croissant,43,39,4,3.5,1.2,136.5,4.8
2024-07-11,Thursday,3,rainy,muffin,37,33,4,2.75,0.9,90.75,3.6
2024-07-11,Thursday,3,rainy,sourdough,13,12,1,8.0,2.5,96.0,2.5
2024-07-11,Thursday,3,rainy,baguette,17,17,0,4.0,1.3,68.0,0.0
2024-07-11,Thursday,3,rainy,cookie,54,52,2,1.5,0.4,78.0,0.8
2024-07-12,Friday,4,sunny,croissant,44,37,7,3.5,1.2,129.5,8.4
2024-07-12,Friday,4,sunny,muffin,29,25,4,2.75,0.9,68.75,3.6
2024-07-12,Friday,4,sunny,sourdough,17,15,2,8.0,2.5,120.0,5.0
2024-07-12,Friday,4,sunny,baguette,23,22,1,4.0,1.3,88.0,1.3
2024-07-12,Friday,4,sunny,cookie,46,43,3,1.5,0.4,64.5,1.2
2024-07-13,Saturday,5,rainy,croissant,97,83,14,3.5,1.2,290.5,16.8
2024-07-13,Saturday,5,rainy,muffin,64,58,6,2.75,0.9,159.5,5.4
2024-07-13,Saturday,5,rainy,sourdough,31,28,3,8.0,2.5,224.0,7.5
2024-07-13,Saturday,5,rainy,baguette,46,39,7,4.0,1.3,156.0,9.1
2024-07-13,Saturday,5,rainy,cookie,97,85,12,1.5,0.4,127.5,4.8
2024-07-14,Sunday,6,sunny,croissant,82,70,12,3.5,1.2,245.0,14.4
2024-07-14,Sunday,6,sunny,muffin,53,50,3,2.75,0.9,137.5,2.7
2024-07-14,Sunday,6,sunny,sourdough,30,27,3,8.0,2.5,216.0,7.5
2024-07-14,Sunday,6,sunny,baguette,32,31,1,4.0,1.3,124.0,1.3
2024-07-14,Sunday,6,sunny,cookie,71,64,7,1.5,0.4,96.0,2.8
2024-07-15,Monday,0,sunny,croissant,34,30,4,3.5,1.2,105.0,4.8
2024-07-15,Monday,0,sunny,muffin,24,23,1,2.75,0.9,63.25,0.9
2024-07-15,Monday,0,sunny,sourdough,10,10,0,8.0,2.5,80.0,0.0
2024-07-15,Monday,0,sunny,baguette,14,12,2,4.0,1.3,48.0,2.6
2024-07-15,Monday,0,sunny,cookie,43,39,4,1.5,0.4,58.5,1.6
2024-07-16,Tuesday,1,rainy,croissant,35,30,5,3.5,1.2,105.0,6.0
2024-07-16,Tuesday,1,rainy,muffin,36,32,4,2.75,0.9,88.0,3.6
2024-07-16,Tuesday,1,rainy,sourdough,10,9,1,8.0,2.5,72.0,2.5
2024-07-16,Tuesday,1,rainy,baguette,16,14,2,4.0,1.3,56.0,2.6
2024-07-16,Tuesday,1,rainy,cookie,54,47,7,1.5,0.4,70.5,2.8
2024-07-17,Wednesday,2,sunny,croissant,33,32,1,3.5,1.2,112.0,1.2
2024-07-17,Wednesday,2,sunny,muffin,23,22,1,2.75,0.9,60.5,0.9
2024-07-17,Wednesday,2,sunny,sourdough,15,14,1,8.0,2.5,112.0,2.5
2024-07-17,Wednesday,2,sunny,baguette,20,19,1,4.0,1.3,76.0,1.3
2024-07-17,Wednesday,2,sunny,cookie,48,45,3,1.5,0.4,67.5,1.2
2024-07-18,Thursday,3,sunny,croissant,42,38,4,3.5,1.2,133.0,4.8
2024-07-18,Thursday,3,sunny,muffin,31,30,1,2.75,0.9,82.5,0.9
2024-07-18,Thursday,3,sunny,sourdough,15,13,2,8.0,2.5,104.0,5.0
2024-07-18,Thursday,3,sunny,baguette,19,17,2,4.0,1.3,68.0,2.6
2024-07-18,Thursday,3,sunny,cookie,56,51,5,1.5,0.4,76.5,2.0
2024-07-19,Friday,4,sunny,croissant,37,34,3,3.5,1.2,119.0,3.6
2024-07-19,Friday,4,sunny,muffin,38,34,4,2.75,0.9,93.5,3.6
2024-07-19,Friday,4,sunny,sourdough,16,14,2,8.0,2.5,112.0,5.0
2024-07-19,Friday,4,sunny,baguette,21,19,2,4.0,1.3,76.0,2.6
2024-07-19,Friday,4,sunny,cookie,55,52,3,1.5,0.4,78.0,1.2
2024-07-20,Saturday,5,sunny,croissant,94,82,12,3.5,1.2,287.0,14.4
2024-07-20,Saturday,5,sunny,muffin,49,46,3,2.75,0.9,126.5,2.7
2024-07-20,Saturday,5,sunny,sourdough,38,34,4,8.0,2.5,272.0,10.0
2024-07-20,Saturday,5,sunny,baguette,47,43,4,4.0,1.3,172.0,5.2
2024-07-20,Saturday,5,sunny,cookie,74,71,3,1.5,0.4,106.5,1.2
2024-07-21,Sunday,6,sunny,croissant,69,64,5,3.5,1.2,224.0,6.0
2024-07-21,Sunday,6,sunny,muffin,44,41,3,2.75,0.9,112.75,2.7
2024-07-21,Sunday,6,sunny,sourdough,31,28,3,8.0,2.5,224.0,7.5
2024-07-21,Sunday,6,sunny,baguette,36,35,1,4.0,1.3,140.0,1.3
2024-07-21,Sunday,6,sunny,cookie,72,68,4,1.5,0.4,102.0,1.6
2024-07-22,Monday,0,sunny,croissant,28,26,2,3.5,1.2,91.0,2.4
2024-07-22,Monday,0,sunny,muffin,21,19,2,2.75,0.9,52.25,1.8
2024-07-22,Monday,0,sunny,sourdough,10,9,1,8.0,2.5,72.0,2.5
2024-07-22,Monday,0,sunny,baguette,17,15,2,4.0,1.3,60.0,2.6
2024-07-22,Monday,0,sunny,cookie,37,35,2,1.5,0.4,52.5,0.8
2024-07-23,Tuesday,1,sunny,croissant,30,28,2,3.5,1.2,98.0,2.4
2024-07-23,Tuesday,1,sunny,muffin,24,23,1,2.75,0.9,63.25,0.9
2024-07-23,Tuesday,1,sunny,sourdough,12,11,1,8.0,2.5,88.0,2.5
2024-07-23,Tuesday,1,sunny,baguette,15,15,0,4.0,1.3,60.0,0.0
2024-07-23,Tuesday,1,sunny,cookie,40,37,3,1.5,0.4,55.5,1.2
2024-07-24,Wednesday,2,sunny,croissant,36,34,2,3.5,1.2,119.0,2.4
2024-07-24,Wednesday,2,sunny,muffin,24,22,2,2.75,0.9,60.5,1.8
2024-07-24,Wednesday,2,sunny,sourdough,15,14,1,8.0,2.5,112.0,2.5
2024-07-24,Wednesday,2,sunny,baguette,19,17,2,4.0,1.3,68.0,2.6
2024-07-24,Wednesday,2,sunny,cookie,44,40,4,1.5,0.4,60.0,1.6
2024-07-25,Thursday,3,sunny,croissant,46,39,7,3.5,1.2,136.5,8.4
2024-07-25,Thursday,3,sunny,muffin,26,24,2,2.75,0.9,66.0,1.8
2024-07-25,Thursday,3,sunny,sourdough,16,15,1,8.0,2.5,120.0,2.5
2024-07-25,Thursday,3,sunny,baguette,19,16,3,4.0,1.3,64.0,3.9
2024-07-25,Thursday,3,sunny,cookie,55,51,4,1.5,0.4,76.5,1.6
2024-07-26,Friday,4,sunny,croissant,44,39,5,3.5,1.2,136.5,6.0
2024-07-26,Friday,4,sunny,muffin,29,27,2,2.75,0.9,74.25,1.8
2024-07-26,Friday,4,sunny,sourdough,17,16,1,8.0,2.5,128.0,2.5
2024-07-26,Friday,4,sunny,baguette,19,17,2,4.0,1.3,68.0,2.6
2024-07-26,Friday,4,sunny,cookie,57,51,6,1.5,0.4,76.5,2.4
2024-07-27,Saturday,5,sunny,croissant,90,76,14,3.5,1.2,266.0,16.8
2024-07-27,Saturday,5,sunny,muffin,60,52,8,2.75,0.9,143.0,7.2
2024-07-27,Saturday,5,sunny,sourdough,33,31,2,8.0,2.5,248.0,5.0
2024-07-27,Saturday,5,sunny,baguette,49,42,7,4.0,1.3,168.0,9.1
2024-07-27,Saturday,5,sunny,cookie,97,88,9,1.5,0.4,132.0,3.6
2024-07-28,Sunday,6,sunny,croissant,74,69,5,3.5,1.2,241.5,6.0
2024-07-28,Sunday,6,sunny,muffin,56,49,7,2.75,0.9,134.75,6.3
2024-07-28,Sunday,6,sunny,sourdough,32,31,1,8.0,2.5,248.0,2.5
2024-07-28,Sunday,6,sunny,baguette,45,41,4,4.0,1.3,164.0,5.2
2024-07-28,Sunday,6,sunny,cookie,77,69,8,1.5,0.4,103.5,3.2
2024-07-29,Monday,0,sunny,croissant,32,29,3,3.5,1.2,101.5,3.6
2024-07-29,Monday,0,sunny,muffin,24,22,2,2.75,0.9,60.5,1.8
2024-07-29,Monday,0,sunny,sourdough,12,11,1,8.0,2.5,88.0,2.5
2024-07-29,Monday,0,sunny,baguette,14,14,0,4.0,1.3,56.0,0.0
2024-07-29,Monday,0,sunny,cookie,42,37,5,1.5,0.4,55.5,2.0
2024-07-30,Tuesday,1,sunny,croissant,34,33,1,3.5,1.2,115.5,1.2
2024-07-30,Tuesday,1,sunny,muffin,31,27,4,2.75,0.9,74.25,3.6
2024-07-30,Tuesday,1,sunny,sourdough,12,11,1,8.0,2.5,88.0,2.5
2024-07-30,Tuesday,1,sunny,baguette,20,18,2,4.0,1.3,72.0,2.6
2024-07-30,Tuesday,1,sunny,cookie,37,34,3,1.5,0.4,51.0,1.2
2024-07-31,Wednesday,2,sunny,croissant,38,34,4,3.5,1.2,119.0,4.8
2024-07-31,Wednesday,2,sunny,muffin,29,26,3,2.75,0.9,71.5,2.7
2024-07-31,Wednesday,2,sunny,sourdough,13,12,1,8.0,2.5,96.0,2.5
2024-07-31,Wednesday,2,sunny,baguette,19,17,2,4.0,1.3,68.0,2.6
2024-07-31,Wednesday,2,sunny,cookie,42,40,2,1.5,0.4,60.0,0.8
2024-08-01,Thursday,3,rainy,croissant,45,38,7,3.5,1.2,133.0,8.4
2024-08-01,Thursday,3,rainy,muffin,33,28,5,2.75,0.9,77.0,4.5
2024-08-01,Thursday,3,rainy,sourdough,10,10,0,8.0,2.5,80.0,0.0
2024-08-01,Thursday,3,rainy,baguette,17,16,1,4.0,1.3,64.0,1.3
2024-08-01,Thursday,3,rainy,cookie,57,51,6,1.5,0.4,76.5,2.4
2024-08-02,Friday,4,sunny,croissant,46,42,4,3.5,1.2,147.0,4.8
2024-08-02,Friday,4,sunny,muffin,32,28,4,2.75,0.9,77.0,3.6
2024-08-02,Friday,4,sunny,sourdough,15,13,2,8.0,2.5,104.0,5.0
2024-08-02,Friday,4,sunny,baguette,23,20,3,4.0,1.3,80.0,3.9
2024-08-02,Friday,4,sunny,cookie,52,44,8,1.5,0.4,66.0,3.2
2024-08-03,Saturday,5,rainy,croissant,80,75,5,3.5,1.2,262.5,6.0
2024-08-03,Saturday,5,rainy,muffin,76,64,12,2.75,0.9,176.0,10.8
2024-08-03,Saturday,5,rainy,sourdough,28,26,2,8.0,2.5,208.0,5.0
2024-08-03,Saturday,5,rainy,baguette,38,34,4,4.0,1.3,136.0,5.2
2024-08-03,Saturday,5,rainy,cookie,95,91,4,1.5,0.4,136.5,1.6
2024-08-04,Sunday,6,sunny,croissant,69,61,8,3.5,1.2,213.5,9.6
2024-08-04,Sunday,6,sunny,muffin,52,45,7,2.75,0.9,123.75,6.3
2024-08-04,Sunday,6,sunny,sourdough,30,26,4,8.0,2.5,208.0,10.0
2024-08-04,Sunday,6,sunny,baguette,41,39,2,4.0,1.3,156.0,2.6
2024-08-04,Sunday,6,sunny,cookie,74,63,11,1.5,0.4,94.5,4.4
2024-08-05,Monday,0,rainy,croissant,32,29,3,3.5,1.2,101.5,3.6
2024-08-05,Monday,0,rainy,muffin,27,23,4,2.75,0.9,63.25,3.6
2024-08-05,Monday,0,rainy,sourdough,10,9,1,8.0,2.5,72.0,2.5
2024-08-05,Monday,0,rainy,baguette,14,13,1,4.0,1.3,52.0,1.3
2024-08-05,Monday,0,rainy,cookie,45,41,4,1.5,0.4,61.5,1.6
2024-08-06,Tuesday,1,sunny,croissant,38,33,5,3.5,1.2,115.5,6.0
2024-08-06,Tuesday,1,sunny,muffin,27,25,2,2.75,0.9,68.75,1.8
2024-08-06,Tuesday,1,sunny,sourdough,12,12,0,8.0,2.5,96.0,0.0
2024-08-06,Tuesday,1,sunny,baguette,14,14,0,4.0,1.3,56.0,0.0
2024-08-06,Tuesday,1,sunny,cookie,39,37,2,1.5,0.4,55.5,0.8
2024-08-07,Wednesday,2,sunny,croissant,37,34,3,3.5,1.2,119.0,3.6
2024-08-07,Wednesday,2,sunny,muffin,24,22,2,2.75,0.9,60.5,1.8
2024-08-07,Wednesday,2,sunny,sourdough,12,11,1,8.0,2.5,88.0,2.5
2024-08-07,Wednesday,2,sunny,baguette,19,17,2,4.0,1.3,68.0,2.6
2024-08-07,Wednesday,2,sunny,cookie,54,48,6,1.5,0.4,72.0,2.4
2024-08-08,Thursday,3,sunny,croissant,35,32,3,3.5,1.2,112.0,3.6
2024-08-08,Thursday,3,sunny,muffin,27,26,1,2.75,0.9,71.5,0.9
2024-08-08,Thursday,3,sunny,sourdough,12,12,0,8.0,2.5,96.0,0.0
2024-08-08,Thursday,3,sunny,baguette,18,16,2,4.0,1.3,64.0,2.6
2024-08-08,Thursday,3,sunny,cookie,57,51,6,1.5,0.4,76.5,2.4
2024-08-09,Friday,4,sunny,croissant,46,42,4,3.5,1.2,147.0,4.8
2024-08-09,Friday,4,sunny,muffin,37,33,4,2.75,0.9,90.75,3.6
2024-08-09,Friday,4,sunny,sourdough,13,13,0,8.0,2.5,104.0,0.0
2024-08-09,Friday,4,sunny,baguette,22,21,1,4.0,1.3,84.0,1.3
2024-08-09,Friday,4,sunny,cookie,52,46,6,1.5,0.4,69.0,2.4
2024-08-10,Saturday,5,rainy,croissant,95,82,13,3.5,1.2,287.0,15.6
2024-08-10,Saturday,5,rainy,muffin,77,68,9,2.75,0.9,187.0,8.1
2024-08-10,Saturday,5,rainy,sourdough,26,25,1,8.0,2.5,200.0,2.5
2024-08-10,Saturday,5,rainy,baguette,48,41,7,4.0,1.3,164.0,9.1
2024-08-10,Saturday,5,rainy,cookie,104,89,15,1.5,0.4,133.5,6.0
2024-08-11,Sunday,6,rainy,croissant,88,78,10,3.5,1.2,273.0,12.0
2024-08-11,Sunday,6,rainy,muffin,68,64,4,2.75,0.9,176.0,3.6
2024-08-11,Sunday,6,rainy,sourdough,32,28,4,8.0,2.5,224.0,10.0
2024-08-11,Sunday,6,rainy,baguette,38,32,6,4.0,1.3,128.0,7.8
2024-08-11,Sunday,6,rainy,cookie,89,81,8,1.5,0.4,121.5,3.2
2024-08-12,Monday,0,sunny,croissant,32,27,5,3.5,1.2,94.5,6.0
2024-08-12,Monday,0,sunny,muffin,23,22,1,2.75,0.9,60.5,0.9
2024-08-12,Monday,0,sunny,sourdough,12,11,1,8.0,2.5,88.0,2.5
2024-08-12,Monday,0,sunny,baguette,15,13,2,4.0,1.3,52.0,2.6
2024-08-12,Monday,0,sunny,cookie,38,36,2,1.5,0.4,54.0,0.8
2024-08-13,Tuesday,1,rainy,croissant,34,32,2,3.5,1.2,112.0,2.4
2024-08-13,Tuesday,1,rainy,muffin,26,24,2,2.75,0.9,66.0,1.8
2024-08-13,Tuesday,1,rainy,sourdough,11,10,1,8.0,2.5,80.0,2.5
2024-08-13,Tuesday,1,rainy,baguette,16,14,2,4.0,1.3,56.0,2.6
2024-08-13,Tuesday,1,rainy,cookie,46,43,3,1.5,0.4,64.5,1.2
2024-08-14,Wednesday,2,sunny,croissant,43,38,5,3.5,1.2,133.0,6.0
2024-08-14,Wednesday,2,sunny,muffin,26,22,4,2.75,0.9,60.5,3.6
2024-08-14,Wednesday,2,sunny,sourdough,15,13,2,8.0,2.5,104.0,5.0
2024-08-14,Wednesday,2,sunny,baguette,22,19,3,4.0,1.3,76.0,3.9
2024-08-14,Wednesday,2,sunny,cookie,43,37,6,1.5,0.4,55.5,2.4
2024-08-15,Thursday,3,rainy,croissant,49,42,7,3.5,1.2,147.0,8.4
2024-08-15,Thursday,3,rainy,muffin,39,34,5,2.75,0.9,93.5,4.5
2024-08-15,Thursday,3,rainy,sourdough,13,12,1,8.0,2.5,96.0,2.5
2024-08-15,Thursday,3,rainy,baguette,16,15,1,4.0,1.3,60.0,1.3
2024-08-15,Thursday,3,rainy,cookie,58,51,7,1.5,0.4,76.5,2.8
2024-08-16,Friday,4,sunny,croissant,39,35,4,3.5,1.2,122.5,4.8
2024-08-16,Friday,4,sunny,muffin,33,28,5,2.75,0.9,77.0,4.5
2024-08-16,Friday,4,sunny,sourdough,16,14,2,8.0,2.5,112.0,5.0
2024-08-16,Friday,4,sunny,baguette,18,18,0,4.0,1.3,72.0,0.0
2024-08-16,Friday,4,sunny,cookie,62,54,8,1.5,0.4,81.0,3.2
2024-08-17,Saturday,5,sunny,croissant,85,74,11,3.5,1.2,259.0,13.2
2024-08-17,Saturday,5,sunny,muffin,52,50,2,2.75,0.9,137.5,1.8
2024-08-17,Saturday,5,sunny,sourdough,34,32,2,8.0,2.5,256.0,5.0
2024-08-17,Saturday,5,sunny,baguette,42,39,3,4.0,1.3,156.0,3.9
2024-08-17,Saturday,5,sunny,cookie,88,75,13,1.5,0.4,112.5,5.2
2024-08-18,Sunday,6,sunny,croissant,77,68,9,3.5,1.2,238.0,10.8
2024-08-18,Sunday,6,sunny,muffin,50,46,4,2.75,0.9,126.5,3.6
2024-08-18,Sunday,6,sunny,sourdough,31,30,1,8.0,2.5,240.0,2.5
2024-08-18,Sunday,6,sunny,baguette,36,31,5,4.0,1.3,124.0,6.5
2024-08-18,Sunday,6,sunny,cookie,75,71,4,1.5,0.4,106.5,1.6
2024-08-19,Monday,0,sunny,croissant,28,27,1,3.5,1.2,94.5,1.2
2024-08-19,Monday,0,sunny,muffin,24,23,1,2.75,0.9,63.25,0.9
2024-08-19,Monday,0,sunny,sourdough,11,11,0,8.0,2.5,88.0,0.0
2024-08-19,Monday,0,sunny,baguette,15,14,1,4.0,1.3,56.0,1.3
2024-08-19,Monday,0,sunny,cookie,42,39,3,1.5,0.4,58.5,1.2
2024-08-20,Tuesday,1,sunny,croissant,32,29,3,3.5,1.2,101.5,3.6
2024-08-20,Tuesday,1,sunny,muffin,27,26,1,2.75,0.9,71.5,0.9
2024-08-20,Tuesday,1,sunny,sourdough,12,11,1,8.0,2.5,88.0,2.5
2024-08-20,Tuesday,1,sunny,baguette,17,16,1,4.0,1.3,64.0,1.3
2024-08-20,Tuesday,1,sunny,cookie,47,41,6,1.5,0.4,61.5,2.4
2024-08-21,Wednesday,2,rainy,croissant,39,37,2,3.5,1.2,129.5,2.4
2024-08-21,Wednesday,2,rainy,muffin,32,28,4,2.75,0.9,77.0,3.6
2024-08-21,Wednesday,2,rainy,sourdough,10,9,1,8.0,2.5,72.0,2.5
2024-08-21,Wednesday,2,rainy,baguette,20,17,3,4.0,1.3,68.0,3.9
2024-08-21,Wednesday,2,rainy,cookie,50,47,3,1.5,0.4,70.5,1.2
2024-08-22,Thursday,3,rainy,croissant,44,38,6,3.5,1.2,133.0,7.2
2024-08-22,Thursday,3,rainy,muffin,30,28,2,2.75,0.9,77.0,1.8
2024-08-22,Thursday,3,rainy,sourdough,13,13,0,8.0,2.5,104.0,0.0
2024-08-22,Thursday,3,rainy,baguette,20,18,2,4.0,1.3,72.0,2.6
2024-08-22,Thursday,3,rainy,cookie,55,46,9,1.5,0.4,69.0,3.6
2024-08-23,Friday,4,rainy,croissant,46,44,2,3.5,1.2,154.0,2.4
2024-08-23,Friday,4,rainy,muffin,41,37,4,2.75,0.9,101.75,3.6
2024-08-23,Friday,4,rainy,sourdough,16,14,2,8.0,2.5,112.0,5.0
2024-08-23,Friday,4,rainy,baguette,18,17,1,4.0,1.3,68.0,1.3
2024-08-23,Friday,4,rainy,cookie,70,60,10,1.5,0.4,90.0,4.0
2024-08-24,Saturday,5,rainy,croissant,84,73,11,3.5,1.2,255.5,13.2
2024-08-24,Saturday,5,rainy,muffin,70,64,6,2.75,0.9,176.0,5.4
2024-08-24,Saturday,5,rainy,sourdough,36,33,3,8.0,2.5,264.0,7.5
2024-08-24,Saturday,5,rainy,baguette,37,34,3,4.0,1.3,136.0,3.9
2024-08-24,Saturday,5,rainy,cookie,91,81,10,1.5,0.4,121.5,4.0
2024-08-25,Sunday,6,sunny,croissant,80,69,11,3.5,1.2,241.5,13.2
2024-08-25,Sunday,6,sunny,muffin,57,49,8,2.75,0.9,134.75,7.2
2024-08-25,Sunday,6,sunny,sourdough,32,30,2,8.0,2.5,240.0,5.0
2024-08-25,Sunday,6,sunny,baguette,40,36,4,4.0,1.3,144.0,5.2
2024-08-25,Sunday,6,sunny,cookie,84,77,7,1.5,0.4,115.5,2.8
2024-08-26,Monday,0,rainy,croissant,40,34,6,3.5,1.2,119.0,7.2
2024-08-26,Monday,0,rainy,muffin,26,25,1,2.75,0.9,68.75,0.9
2024-08-26,Monday,0,rainy,sourdough,10,9,1,8.0,2.5,72.0,2.5
2024-08-26,Monday,0,rainy,baguette,15,13,2,4.0,1.3,52.0,2.6
2024-08-26,Monday,0,rainy,cookie,54,46,8,1.5,0.4,69.0,3.2
2024-08-27,Tuesday,1,rainy,croissant,44,39,5,3.5,1.2,136.5,6.0
2024-08-27,Tuesday,1,rainy,muffin,31,27,4,2.75,0.9,74.25,3.6
2024-08-27,Tuesday,1,rainy,sourdough,13,11,2,8.0,2.5,88.0,5.0
2024-08-27,Tuesday,1,rainy,baguette,16,16,0,4.0,1.3,64.0,0.0
2024-08-27,Tuesday,1,rainy,cookie,43,40,3,1.5,0.4,60.0,1.2
2024-08-28,Wednesday,2,rainy,croissant,37,32,5,3.5,1.2,112.0,6.0
2024-08-28,Wednesday,2,rainy,muffin,34,30,4,2.75,0.9,82.5,3.6
2024-08-28,Wednesday,2,rainy,sourdough,12,11,1,8.0,2.5,88.0,2.5
2024-08-28,Wednesday,2,rainy,baguette,18,17,1,4.0,1.3,68.0,1.3
2024-08-28,Wednesday,2,rainy,cookie,55,49,6,1.5,0.4,73.5,2.4
2024-08-29,Thursday,3,sunny,croissant,37,33,4,3.5,1.2,115.5,4.8
2024-08-29,Thursday,3,sunny,muffin,28,24,4,2.75,0.9,66.0,3.6
2024-08-29,Thursday,3,sunny,sourdough,14,13,1,8.0,2.5,104.0,2.5
2024-08-29,Thursday,3,sunny,baguette,21,18,3,4.0,1.3,72.0,3.9
2024-08-29,Thursday,3,sunny,cookie,49,47,2,1.5,0.4,70.5,0.8
2024-08-30,Friday,4,sunny,croissant,49,42,7,3.5,1.2,147.0,8.4
2024-08-30,Friday,4,sunny,muffin,27,26,1,2.75,0.9,71.5,0.9
2024-08-30,Friday,4,sunny,sourdough,15,14,1,8.0,2.5,112.0,2.5
2024-08-30,Friday,4,sunny,baguette,21,20,1,4.0,1.3,80.0,1.3
2024-08-30,Friday,4,sunny,cookie,61,53,8,1.5,0.4,79.5,3.2
2024-08-31,Saturday,5,rainy,croissant,101,88,13,3.5,1.2,308.0,15.6
2024-08-31,Saturday,5,rainy,muffin,66,56,10,2.75,0.9,154.0,9.0
2024-08-31,Saturday,5,rainy,sourdough,33,29,4,8.0,2.5,232.0,10.0
2024-08-31,Saturday,5,rainy,baguette,44,41,3,4.0,1.3,164.0,3.9
2024-08-31,Saturday,5,rainy,cookie,95,82,13,1.5,0.4,123.0,5.2
2024-09-01,Sunday,6,sunny,croissant,86,74,12,3.5,1.2,259.0,14.4
2024-09-01,Sunday,6,sunny,muffin,46,40,6,2.75,0.9,110.0,5.4
2024-09-01,Sunday,6,sunny,sourdough,27,26,1,8.0,2.5,208.0,2.5
2024-09-01,Sunday,6,sunny,baguette,43,38,5,4.0,1.3,152.0,6.5
2024-09-01,Sunday,6,sunny,cookie,69,62,7,1.5,0.4,93.0,2.8
2024-09-02,Monday,0,sunny,croissant,30,27,3,3.5,1.2,94.5,3.6
2024-09-02,Monday,0,sunny,muffin,21,20,1,2.75,0.9,55.0,0.9
2024-09-02,Monday,0,sunny,sourdough,10,9,1,8.0,2.5,72.0,2.5
2024-09-02,Monday,0,sunny,baguette,15,14,1,4.0,1.3,56.0,1.3
2024-09-02,Monday,0,sunny,cookie,36,35,1,1.5,0.4,52.5,0.4
2024-09-03,Tuesday,1,sunny,croissant,32,29,3,3.5,1.2,101.5,3.6
2024-09-03,Tuesday,1,sunny,muffin,24,23,1,2.75,0.9,63.25,0.9
2024-09-03,Tuesday,1,sunny,sourdough,15,13,2,8.0,2.5,104.0,5.0
2024-09-03,Tuesday,1,sunny,baguette,18,16,2,4.0,1.3,64.0,2.6
2024-09-03,Tuesday,1,sunny,cookie,46,42,4,1.5,0.4,63.0,1.6
2024-09-04,Wednesday,2,sunny,croissant,38,33,5,3.5,1.2,115.5,6.0
2024-09-04,Wednesday,2,sunny,muffin,24,23,1,2.75,0.9,63.25,0.9
2024-09-04,Wednesday,2,sunny,sourdough,13,12,1,8.0,2.5,96.0,2.5
2024-09-04,Wednesday,2,sunny,baguette,20,19,1,4.0,1.3,76.0,1.3
2024-09-04,Wednesday,2,sunny,cookie,55,46,9,1.5,0.4,69.0,3.6
2024-09-05,Thursday,3,sunny,croissant,34,31,3,3.5,1.2,108.5,3.6
2024-09-05,Thursday,3,sunny,muffin,29,25,4,2.75,0.9,68.75,3.6
2024-09-05,Thursday,3,sunny,sourdough,13,12,1,8.0,2.5,96.0,2.5
2024-09-05,Thursday,3,sunny,baguette,16,15,1,4.0,1.3,60.0,1.3
2024-09-05,Thursday,3,sunny,cookie,49,45,4,1.5,0.4,67.5,1.6
2024-09-06,Friday,4,sunny,croissant,44,39,5,3.5,1.2,136.5,6.0
2024-09-06,Friday,4,sunny,muffin,33,29,4,2.75,0.9,79.75,3.6
2024-09-06,Friday,4,sunny,sourdough,15,13,2,8.0,2.5,104.0,5.0
2024-09-06,Friday,4,sunny,baguette,22,21,1,4.0,1.3,84.0,1.3
2024-09-06,Friday,4,sunny,cookie,46,42,4,1.5,0.4,63.0,1.6
2024-09-07,Saturday,5,rainy,croissant,92,79,13,3.5,1.2,276.5,15.6
2024-09-07,Saturday,5,rainy,muffin,83,70,13,2.75,0.9,192.5,11.7
2024-09-07,Saturday,5,rainy,sourdough,27,24,3,8.0,2.5,192.0,7.5
2024-09-07,Saturday,5,rainy,baguette,48,42,6,4.0,1.3,168.0,7.8
2024-09-07,Saturday,5,rainy,cookie,92,82,10,1.5,0.4,123.0,4.0
2024-09-08,Sunday,6,rainy,croissant,77,73,4,3.5,1.2,255.5,4.8
2024-09-08,Sunday,6,rainy,muffin,74,64,10,2.75,0.9,176.0,9.0
2024-09-08,Sunday,6,rainy,sourdough,26,22,4,8.0,2.5,176.0,10.0
2024-09-08,Sunday,6,rainy,baguette,42,38,4,4.0,1.3,152.0,5.2
2024-09-08,Sunday,6,rainy,cookie,96,87,9,1.5,0.4,130.5,3.6
2024-09-09,Monday,0,sunny,croissant,25,24,1,3.5,1.2,84.0,1.2
2024-09-09,Monday,0,sunny,muffin,21,18,3,2.75,0.9,49.5,2.7
2024-09-09,Monday,0,sunny,sourdough,10,9,1,8.0,2.5,72.0,2.5
2024-09-09,Monday,0,sunny,baguette,15,13,2,4.0,1.3,52.0,2.6
2024-09-09,Monday,0,sunny,cookie,34,32,2,1.5,0.4,48.0,0.8
2024-09-10,Tuesday,1,sunny,croissant,39,34,5,3.5,1.2,119.0,6.0
2024-09-10,Tuesday,1,sunny,muffin,27,25,2,2.75,0.9,68.75,1.8
2024-09-10,Tuesday,1,sunny,sourdough,11,11,0,8.0,2.5,88.0,0.0
2024-09-10,Tuesday,1,sunny,baguette,16,14,2,4.0,1.3,56.0,2.6
2024-09-10,Tuesday,1,sunny,cookie,44,41,3,1.5,0.4,61.5,1.2
2024-09-11,Wednesday,2,rainy,croissant,41,37,4,3.5,1.2,129.5,4.8
2024-09-11,Wednesday,2,rainy,muffin,35,30,5,2.75,0.9,82.5,4.5
2024-09-11,Wednesday,2,rainy,sourdough,10,10,0,8.0,2.5,80.0,0.0
2024-09-11,Wednesday,2,rainy,baguette,16,15,1,4.0,1.3,60.0,1.3
2024-09-11,Wednesday,2,rainy,cookie,49,43,6,1.5,0.4,64.5,2.4
2024-09-12,Thursday,3,sunny,croissant,40,38,2,3.5,1.2,133.0,2.4
2024-09-12,Thursday,3,sunny,muffin,31,29,2,2.75,0.9,79.75,1.8
2024-09-12,Thursday,3,sunny,sourdough,11,11,0,8.0,2.5,88.0,0.0
2024-09-12,Thursday,3,sunny,baguette,19,17,2,4.0,1.3,68.0,2.6
2024-09-12,Thursday,3,sunny,cookie,51,47,4,1.5,0.4,70.5,1.6
2024-09-13,Friday,4,sunny,croissant,37,34,3,3.5,1.2,119.0,3.6
2024-09-13,Friday,4,sunny,muffin,33,29,4,2.75,0.9,79.75,3.6
2024-09-13,Friday,4,sunny,sourdough,14,13,1,8.0,2.5,104.0,2.5
2024-09-13,Friday,4,sunny,baguette,22,21,1,4.0,1.3,84.0,1.3
2024-09-13,Friday,4,sunny,cookie,49,42,7,1.5,0.4,63.0,2.8
2024-09-14,Saturday,5,sunny,croissant,78,67,11,3.5,1.2,234.5,13.2
2024-09-14,Saturday,5,sunny,muffin,57,50,7,2.75,0.9,137.5,6.3
2024-09-14,Saturday,5,sunny,sourdough,37,33,4,8.0,2.5,264.0,10.0
2024-09-14,Saturday,5,sunny,baguette,43,37,6,4.0,1.3,148.0,7.8
2024-09-14,Saturday,5,sunny,cookie,73,69,4,1.5,0.4,103.5,1.6
2024-09-15,Sunday,6,sunny,croissant,70,66,4,3.5,1.2,231.0,4.8
2024-09-15,Sunday,6,sunny,muffin,61,52,9,2.75,0.9,143.0,8.1
2024-09-15,Sunday,6,sunny,sourdough,28,27,1,8.0,2.5,216.0,2.5
2024-09-15,Sunday,6,sunny,baguette,37,35,2,4.0,1.3,140.0,2.6
2024-09-15,Sunday,6,sunny,cookie,85,73,12,1.5,0.4,109.5,4.8
2024-09-16,Monday,0,sunny,croissant,27,24,3,3.5,1.2,84.0,3.6
2024-09-16,Monday,0,sunny,muffin,19,18,1,2.75,0.9,49.5,0.9
2024-09-16,Monday,0,sunny,sourdough,9,9,0,8.0,2.5,72.0,0.0
2024-09-16,Monday,0,sunny,baguette,15,15,0,4.0,1.3,60.0,0.0
2024-09-16,Monday,0,sunny,cookie,39,36,3,1.5,0.4,54.0,1.2
2024-09-17,Tuesday,1,sunny,croissant,35,31,4,3.5,1.2,108.5,4.8
2024-09-17,Tuesday,1,sunny,muffin,21,20,1,2.75,0.9,55.0,0.9
2024-09-17,Tuesday,1,sunny,sourdough,10,10,0,8.0,2.5,80.0,0.0
2024-09-17,Tuesday,1,sunny,baguette,19,17,2,4.0,1.3,68.0,2.6
2024-09-17,Tuesday,1,sunny,cookie,47,41,6,1.5,0.4,61.5,2.4
2024-09-18,Wednesday,2,sunny,croissant,44,38,6,3.5,1.2,133.0,7.2
2024-09-18,Wednesday,2,sunny,muffin,27,24,3,2.75,0.9,66.0,2.7
2024-09-18,Wednesday,2,sunny,sourdough,14,12,2,8.0,2.5,96.0,5.0
2024-09-18,Wednesday,2,sunny,baguette,18,17,1,4.0,1.3,68.0,1.3
2024-09-18,Wednesday,2,sunny,cookie,41,38,3,1.5,0.4,57.0,1.2
2024-09-19,Thursday,3,rainy,croissant,51,44,7,3.5,1.2,154.0,8.4
2024-09-19,Thursday,3,rainy,muffin,33,28,5,2.75,0.9,77.0,4.5
2024-09-19,Thursday,3,rainy,sourdough,13,12,1,8.0,2.5,96.0,2.5
2024-09-19,Thursday,3,rainy,baguette,22,19,3,4.0,1.3,76.0,3.9
2024-09-19,Thursday,3,rainy,cookie,51,45,6,1.5,0.4,67.5,2.4
2024-09-20,Friday,4,sunny,croissant,51,43,8,3.5,1.2,150.5,9.6
2024-09-20,Friday,4,sunny,muffin,31,26,5,2.75,0.9,71.5,4.5
2024-09-20,Friday,4,sunny,sourdough,15,13,2,8.0,2.5,104.0,5.0
2024-09-20,Friday,4,sunny,baguette,23,21,2,4.0,1.3,84.0,2.6
2024-09-20,Friday,4,sunny,cookie,64,55,9,1.5,0.4,82.5,3.6
2024-09-21,Saturday,5,rainy,croissant,99,85,14,3.5,1.2,297.5,16.8
2024-09-21,Saturday,5,rainy,muffin,78,66,12,2.75,0.9,181.5,10.8
2024-09-21,Saturday,5,rainy,sourdough,28,25,3,8.0,2.5,200.0,7.5
2024-09-21,Saturday,5,rainy,baguette,48,43,5,4.0,1.3,172.0,6.5
2024-09-21,Saturday,5,rainy,cookie,101,94,7,1.5,0.4,141.0,2.8
2024-09-22,Sunday,6,sunny,croissant,83,74,9,3.5,1.2,259.0,10.8
2024-09-22,Sunday,6,sunny,muffin,49,44,5,2.75,0.9,121.0,4.5
2024-09-22,Sunday,6,sunny,sourdough,27,25,2,8.0,2.5,200.0,5.0
2024-09-22,Sunday,6,sunny,baguette,36,32,4,4.0,1.3,128.0,5.2
2024-09-22,Sunday,6,sunny,cookie,72,61,11,1.5,0.4,91.5,4.4
2024-09-23,Monday,0,rainy,croissant,31,27,4,3.5,1.2,94.5,4.8
2024-09-23,Monday,0,rainy,muffin,32,28,4,2.75,0.9,77.0,3.6
2024-09-23,Monday,0,rainy,sourdough,8,8,0,8.0,2.5,64.0,0.0
2024-09-23,Monday,0,rainy,baguette,15,13,2,4.0,1.3,52.0,2.6
2024-09-23,Monday,0,rainy,cookie,50,43,7,1.5,0.4,64.5,2.8
2024-09-24,Tuesday,1,sunny,croissant,39,36,3,3.5,1.2,126.0,3.6
2024-09-24,Tuesday,1,sunny,muffin,29,27,2,2.75,0.9,74.25,1.8
2024-09-24,Tuesday,1,sunny,sourdough,10,10,0,8.0,2.5,80.0,0.0
2024-09-24,Tuesday,1,sunny,baguette,15,14,1,4.0,1.3,56.0,1.3
2024-09-24,Tuesday,1,sunny,cookie,52,45,7,1.5,0.4,67.5,2.8
2024-09-25,Wednesday,2,sunny,croissant,37,35,2,3.5,1.2,122.5,2.4
2024-09-25,Wednesday,2,sunny,muffin,33,29,4,2.75,0.9,79.75,3.6
2024-09-25,Wednesday,2,sunny,sourdough,16,14,2,8.0,2.5,112.0,5.0
2024-09-25,Wednesday,2,sunny,baguette,17,15,2,4.0,1.3,60.0,2.6
2024-09-25,Wednesday,2,sunny,cookie,41,38,3,1.5,0.4,57.0,1.2
2024-09-26,Thursday,3,sunny,croissant,35,31,4,3.5,1.2,108.5,4.8
2024-09-26,Thursday,3,sunny,muffin,35,30,5,2.75,0.9,82.5,4.5
2024-09-26,Thursday,3,sunny,sourdough,15,13,2,8.0,2.5,104.0,5.0
2024-09-26,Thursday,3,sunny,baguette,21,20,1,4.0,1.3,80.0,1.3
2024-09-26,Thursday,3,sunny,cookie,54,46,8,1.5,0.4,69.0,3.2
2024-09-27,Friday,4,sunny,croissant,40,36,4,3.5,1.2,126.0,4.8
2024-09-27,Friday,4,sunny,muffin,35,33,2,2.75,0.9,90.75,1.8
2024-09-27,Friday,4,sunny,sourdough,17,16,1,8.0,2.5,128.0,2.5
2024-09-27,Friday,4,sunny,baguette,23,22,1,4.0,1.3,88.0,1.3
2024-09-27,Friday,4,sunny,cookie,58,55,3,1.5,0.4,82.5,1.2
2024-09-28,Saturday,5,sunny,croissant,92,78,14,3.5,1.2,273.0,16.8
2024-09-28,Saturday,5,sunny,muffin,55,51,4,2.75,0.9,140.25,3.6
2024-09-28,Saturday,5,sunny,sourdough,30,29,1,8.0,2.5,232.0,2.5
2024-09-28,Saturday,5,sunny,baguette,39,37,2,4.0,1.3,148.0,2.6
2024-09-28,Saturday,5,sunny,cookie,75,68,7,1.5,0.4,102.0,2.8
2024-09-29,Sunday,6,sunny,croissant,89,76,13,3.5,1.2,266.0,15.6
2024-09-29,Sunday,6,sunny,muffin,50,46,4,2.75,0.9,126.5,3.6
2024-09-29,Sunday,6,sunny,sourdough,30,29,1,8.0,2.5,232.0,2.5
2024-09-29,Sunday,6,sunny,baguette,41,35,6,4.0,1.3,140.0,7.8
2024-09-29,Sunday,6,sunny,cookie,86,75,11,1.5,0.4,112.5,4.4
2024-09-30,Monday,0,rainy,croissant,30,26,4,3.5,1.2,91.0,4.8
2024-09-30,Monday,0,rainy,muffin,25,23,2,2.75,0.9,63.25,1.8
2024-09-30,Monday,0,rainy,sourdough,10,10,0,8.0,2.5,80.0,0.0
2024-09-30,Monday,0,rainy,baguette,12,11,1,4.0,1.3,44.0,1.3
2024-09-30,Monday,0,rainy,cookie,48,43,5,1.5,0.4,64.5,2.0
2024-10-01,Tuesday,1,sunny,croissant,31,28,3,3.5,1.2,98.0,3.6
2024-10-01,Tuesday,1,sunny,muffin,26,24,2,2.75,0.9,66.0,1.8
2024-10-01,Tuesday,1,sunny,sourdough,11,10,1,8.0,2.5,80.0,2.5
2024-10-01,Tuesday,1,sunny,baguette,16,14,2,4.0,1.3,56.0,2.6
2024-10-01,Tuesday,1,sunny,cookie,37,35,2,1.5,0.4,52.5,0.8
2024-10-02,Wednesday,2,rainy,croissant,38,33,5,3.5,1.2,115.5,6.0
2024-10-02,Wednesday,2,rainy,muffin,37,32,5,2.75,0.9,88.0,4.5
2024-10-02,Wednesday,2,rainy,sourdough,10,10,0,8.0,2.5,80.0,0.0
2024-10-02,Wednesday,2,rainy,baguette,14,14,0,4.0,1.3,56.0,0.0
2024-10-02,Wednesday,2,rainy,cookie,57,49,8,1.5,0.4,73.5,3.2
2024-10-03,Thursday,3,rainy,croissant,41,37,4,3.5,1.2,129.5,4.8
2024-10-03,Thursday,3,rainy,muffin,34,30,4,2.75,0.9,82.5,3.6
2024-10-03,Thursday,3,rainy,sourdough,12,12,0,8.0,2.5,96.0,0.0
2024-10-03,Thursday,3,rainy,baguette,15,14,1,4.0,1.3,56.0,1.3
2024-10-03,Thursday,3,rainy,cookie,50,48,2,1.5,0.4,72.0,0.8
2024-10-04,Friday,4,sunny,croissant,41,37,4,3.5,1.2,129.5,4.8
2024-10-04,Friday,4,sunny,muffin,33,29,4,2.75,0.9,79.75,3.6
2024-10-04,Friday,4,sunny,sourdough,14,13,1,8.0,2.5,104.0,2.5
2024-10-04,Friday,4,sunny,baguette,21,18,3,4.0,1.3,72.0,3.9
2024-10-04,Friday,4,sunny,cookie,53,48,5,1.5,0.4,72.0,2.0
2024-10-05,Saturday,5,sunny,croissant,80,74,6,3.5,1.2,259.0,7.2
2024-10-05,Saturday,5,sunny,muffin,50,48,2,2.75,0.9,132.0,1.8
2024-10-05,Saturday,5,sunny,sourdough,39,34,5,8.0,2.5,272.0,12.5
2024-10-05,Saturday,5,sunny,baguette,38,35,3,4.0,1.3,140.0,3.9
2024-10-05,Saturday,5,sunny,cookie,98,82,16,1.5,0.4,123.0,6.4
2024-10-06,Sunday,6,sunny,croissant,79,68,11,3.5,1.2,238.0,13.2
2024-10-06,Sunday,6,sunny,muffin,56,51,5,2.75,0.9,140.25,4.5
2024-10-06,Sunday,6,sunny,sourdough,34,29,5,8.0,2.5,232.0,12.5
2024-10-06,Sunday,6,sunny,baguette,41,35,6,4.0,1.3,140.0,7.8
2024-10-06,Sunday,6,sunny,cookie,75,71,4,1.5,0.4,106.5,1.6
2024-10-07,Monday,0,sunny,croissant,32,29,3,3.5,1.2,101.5,3.6
2024-10-07,Monday,0,sunny,muffin,26,23,3,2.75,0.9,63.25,2.7
2024-10-07,Monday,0,sunny,sourdough,12,11,1,8.0,2.5,88.0,2.5
2024-10-07,Monday,0,sunny,baguette,13,12,1,4.0,1.3,48.0,1.3
2024-10-07,Monday,0,sunny,cookie,37,31,6,1.5,0.4,46.5,2.4
2024-10-08,Tuesday,1,sunny,croissant,36,34,2,3.5,1.2,119.0,2.4
2024-10-08,Tuesday,1,sunny,muffin,27,23,4,2.75,0.9,63.25,3.6
2024-10-08,Tuesday,1,sunny,sourdough,13,11,2,8.0,2.5,88.0,5.0
2024-10-08,Tuesday,1,sunny,baguette,18,16,2,4.0,1.3,64.0,2.6
2024-10-08,Tuesday,1,sunny,cookie,43,37,6,1.5,0.4,55.5,2.4
2024-10-09,Wednesday,2,sunny,croissant,32,29,3,3.5,1.2,101.5,3.6
2024-10-09,Wednesday,2,sunny,muffin,26,24,2,2.75,0.9,66.0,1.8
2024-10-09,Wednesday,2,sunny,sourdough,12,11,1,8.0,2.5,88.0,2.5
2024-10-09,Wednesday,2,sunny,baguette,21,18,3,4.0,1.3,72.0,3.9
2024-10-09,Wednesday,2,sunny,cookie,49,44,5,1.5,0.4,66.0,2.0
2024-10-10,Thursday,3,sunny,croissant,37,35,2,3.5,1.2,122.5,2.4
2024-10-10,Thursday,3,sunny,muffin,31,27,4,2.75,0.9,74.25,3.6
2024-10-10,Thursday,3,sunny,sourdough,17,15,2,8.0,2.5,120.0,5.0
2024-10-10,Thursday,3,sunny,baguette,19,18,1,4.0,1.3,72.0,1.3
2024-10-10,Thursday,3,sunny,cookie,47,42,5,1.5,0.4,63.0,2.0
2024-10-11,Friday,4,sunny,croissant,42,38,4,3.5,1.2,133.0,4.8
2024-10-11,Friday,4,sunny,muffin,33,29,4,2.75,0.9,79.75,3.6
2024-10-11,Friday,4,sunny,sourdough,13,12,1,8.0,2.5,96.0,2.5
2024-10-11,Friday,4,sunny,baguette,19,17,2,4.0,1.3,68.0,2.6
2024-10-11,Friday,4,sunny,cookie,54,52,2,1.5,0.4,78.0,0.8
2024-10-12,Saturday,5,sunny,croissant,77,71,6,3.5,1.2,248.5,7.2
2024-10-12,Saturday,5,sunny,muffin,66,56,10,2.75,0.9,154.0,9.0
2024-10-12,Saturday,5,sunny,sourdough,37,36,1,8.0,2.5,288.0,2.5
2024-10-12,Saturday,5,sunny,baguette,48,44,4,4.0,1.3,176.0,5.2
2024-10-12,Saturday,5,sunny,cookie,84,75,9,1.5,0.4,112.5,3.6
2024-10-13,Sunday,6,sunny,croissant,69,59,10,3.5,1.2,206.5,12.0
2024-10-13,Sunday,6,sunny,muffin,49,41,8,2.75,0.9,112.75,7.2
2024-10-13,Sunday,6,sunny,sourdough,32,28,4,8.0,2.5,224.0,10.0
2024-10-13,Sunday,6,sunny,baguette,36,33,3,4.0,1.3,132.0,3.9
2024-10-13,Sunday,6,sunny,cookie,80,75,5,1.5,0.4,112.5,2.0
2024-10-14,Monday,0,rainy,croissant,38,33,5,3.5,1.2,115.5,6.0
2024-10-14,Monday,0,rainy,muffin,31,27,4,2.75,0.9,74.25,3.6
2024-10-14,Monday,0,rainy,sourdough,11,10,1,8.0,2.5,80.0,2.5
2024-10-14,Monday,0,rainy,baguette,12,11,1,4.0,1.3,44.0,1.3
2024-10-14,Monday,0,rainy,cookie,42,40,2,1.5,0.4,60.0,0.8
2024-10-15,Tuesday,1,sunny,croissant,36,35,1,3.5,1.2,122.5,1.2
2024-10-15,Tuesday,1,sunny,muffin,24,21,3,2.75,0.9,57.75,2.7
2024-10-15,Tuesday,1,sunny,sourdough,14,13,1,8.0,2.5,104.0,2.5
2024-10-15,Tuesday,1,sunny,baguette,17,15,2,4.0,1.3,60.0,2.6
2024-10-15,Tuesday,1,sunny,cookie,45,42,3,1.5,0.4,63.0,1.2
2024-10-16,Wednesday,2,sunny,croissant,38,34,4,3.5,1.2,119.0,4.8
2024-10-16,Wednesday,2,sunny,muffin,23,22,1,2.75,0.9,60.5,0.9
2024-10-16,Wednesday,2,sunny,sourdough,13,12,1,8.0,2.5,96.0,2.5
2024-10-16,Wednesday,2,sunny,baguette,17,15,2,4.0,1.3,60.0,2.6
2024-10-16,Wednesday,2,sunny,cookie,47,43,4,1.5,0.4,64.5,1.6
2024-10-17,Thursday,3,rainy,croissant,51,44,7,3.5,1.2,154.0,8.4
2024-10-17,Thursday,3,rainy,muffin,37,34,3,2.75,0.9,93.5,2.7
2024-10-17,Thursday,3,rainy,sourdough,11,11,0,8.0,2.5,88.0,0.0
2024-10-17,Thursday,3,rainy,baguette,20,17,3,4.0,1.3,68.0,3.9
2024-10-17,Thursday,3,rainy,cookie,65,57,8,1.5,0.4,85.5,3.2
2024-10-18,Friday,4,sunny,croissant,41,37,4,3.5,1.2,129.5,4.8
2024-10-18,Friday,4,sunny,muffin,29,25,4,2.75,0.9,68.75,3.6
2024-10-18,Friday,4,sunny,sourdough,16,16,0,8.0,2.5,128.0,0.0
2024-10-18,Friday,4,sunny,baguette,25,22,3,4.0,1.3,88.0,3.9
2024-10-18,Friday,4,sunny,cookie,53,51,2,1.5,0.4,76.5,0.8
2024-10-19,Saturday,5,sunny,croissant,89,82,7,3.5,1.2,287.0,8.4
2024-10-19,Saturday,5,sunny,muffin,68,60,8,2.75,0.9,165.0,7.2
2024-10-19,Saturday,5,sunny,sourdough,34,31,3,8.0,2.5,248.0,7.5
2024-10-19,Saturday,5,sunny,baguette,41,38,3,4.0,1.3,152.0,3.9
2024-10-19,Saturday,5,sunny,cookie,92,80,12,1.5,0.4,120.0,4.8
2024-10-20,Sunday,6,sunny,croissant,69,65,4,3.5,1.2,227.5,4.8
2024-10-20,Sunday,6,sunny,muffin,52,46,6,2.75,0.9,126.5,5.4
2024-10-20,Sunday,6,sunny,sourdough,34,31,3,8.0,2.5,248.0,7.5
2024-10-20,Sunday,6,sunny,baguette,42,37,5,4.0,1.3,148.0,6.5
2024-10-20,Sunday,6,sunny,cookie,71,67,4,1.5,0.4,100.5,1.6
2024-10-21,Monday,0,rainy,croissant,40,35,5,3.5,1.2,122.5,6.0
2024-10-21,Monday,0,rainy,muffin,29,27,2,2.75,0.9,74.25,1.8
2024-10-21,Monday,0,rainy,sourdough,11,10,1,8.0,2.5,80.0,2.5
2024-10-21,Monday,0,rainy,baguette,12,12,0,4.0,1.3,48.0,0.0
2024-10-21,Monday,0,rainy,cookie,50,43,7,1.5,0.4,64.5,2.8
2024-10-22,Tuesday,1,sunny,croissant,38,34,4,3.5,1.2,119.0,4.8
2024-10-22,Tuesday,1,sunny,muffin,28,25,3,2.75,0.9,68.75,2.7
2024-10-22,Tuesday,1,sunny,sourdough,13,12,1,8.0,2.5,96.0,2.5
2024-10-22,Tuesday,1,sunny,baguette,19,18,1,4.0,1.3,72.0,1.3
2024-10-22,Tuesday,1,sunny,cookie,43,39,4,1.5,0.4,58.5,1.6
2024-10-23,Wednesday,2,rainy,croissant,44,39,5,3.5,1.2,136.5,6.0
2024-10-23,Wednesday,2,rainy,muffin,31,27,4,2.75,0.9,74.25,3.6
2024-10-23,Wednesday,2,rainy,sourdough,11,10,1,8.0,2.5,80.0,2.5
2024-10-23,Wednesday,2,rainy,baguette,20,17,3,4.0,1.3,68.0,3.9
2024-10-23,Wednesday,2,rainy,cookie,57,51,6,1.5,0.4,76.5,2.4
2024-10-24,Thursday,3,sunny,croissant,46,39,7,3.5,1.2,136.5,8.4
2024-10-24,Thursday,3,sunny,muffin,25,24,1,2.75,0.9,66.0,0.9
2024-10-24,Thursday,3,sunny,sourdough,11,11,0,8.0,2.5,88.0,0.0
2024-10-24,Thursday,3,sunny,baguette,22,19,3,4.0,1.3,76.0,3.9
2024-10-24,Thursday,3,sunny,cookie,46,40,6,1.5,0.4,60.0,2.4
2024-10-25,Friday,4,sunny,croissant,38,35,3,3.5,1.2,122.5,3.6
2024-10-25,Friday,4,sunny,muffin,35,32,3,2.75,0.9,88.0,2.7
2024-10-25,Friday,4,sunny,sourdough,17,16,1,8.0,2.5,128.0,2.5
2024-10-25,Friday,4,sunny,baguette,19,18,1,4.0,1.3,72.0,1.3
2024-10-25,Friday,4,sunny,cookie,61,55,6,1.5,0.4,82.5,2.4
2024-10-26,Saturday,5,sunny,croissant,91,77,14,3.5,1.2,269.5,16.8
2024-10-26,Saturday,5,sunny,muffin,53,45,8,2.75,0.9,123.75,7.2
2024-10-26,Saturday,5,sunny,sourdough,37,32,5,8.0,2.5,256.0,12.5
2024-10-26,Saturday,5,sunny,baguette,42,39,3,4.0,1.3,156.0,3.9
2024-10-26,Saturday,5,sunny,cookie,82,70,12,1.5,0.4,105.0,4.8
2024-10-27,Sunday,6,rainy,croissant,74,67,7,3.5,1.2,234.5,8.4
2024-10-27,Sunday,6,rainy,muffin,67,57,10,2.75,0.9,156.75,9.0
2024-10-27,Sunday,6,rainy,sourdough,27,25,2,8.0,2.5,200.0,5.0
2024-10-27,Sunday,6,rainy,baguette,42,36,6,4.0,1.3,144.0,7.8
2024-10-27,Sunday,6,rainy,cookie,93,82,11,1.5,0.4,123.0,4.4
2024-10-28,Monday,0,rainy,croissant,33,32,1,3.5,1.2,112.0,1.2
2024-10-28,Monday,0,rainy,muffin,26,23,3,2.75,0.9,63.25,2.7
2024-10-28,Monday,0,rainy,sourdough,9,8,1,8.0,2.5,64.0,2.5
2024-10-28,Monday,0,rainy,baguette,15,13,2,4.0,1.3,52.0,2.6
2024-10-28,Monday,0,rainy,cookie,39,35,4,1.5,0.4,52.5,1.6
2024-10-29,Tuesday,1,sunny,croissant,37,31,6,3.5,1.2,108.5,7.2
2024-10-29,Tuesday,1,sunny,muffin,24,23,1,2.75,0.9,63.25,0.9
2024-10-29,Tuesday,1,sunny,sourdough,11,10,1,8.0,2.5,80.0,2.5
2024-10-29,Tuesday,1,sunny,baguette,14,13,1,4.0,1.3,52.0,1.3
2024-10-29,Tuesday,1,sunny,cookie,46,43,3,1.5,0.4,64.5,1.2
2024-10-30,Wednesday,2,sunny,croissant,38,35,3,3.5,1.2,122.5,3.6
2024-10-30,Wednesday,2,sunny,muffin,28,26,2,2.75,0.9,71.5,1.8
2024-10-30,Wednesday,2,sunny,sourdough,12,11,1,8.0,2.5,88.0,2.5
2024-10-30,Wednesday,2,sunny,baguette,18,17,1,4.0,1.3,68.0,1.3
2024-10-30,Wednesday,2,sunny,cookie,50,46,4,1.5,0.4,69.0,1.6
2024-10-31,Thursday,3,sunny,croissant,43,38,5,3.5,1.2,133.0,6.0
2024-10-31,Thursday,3,sunny,muffin,29,25,4,2.75,0.9,68.75,3.6
2024-10-31,Thursday,3,sunny,sourdough,16,15,1,8.0,2.5,120.0,2.5
2024-10-31,Thursday,3,sunny,baguette,22,20,2,4.0,1.3,80.0,2.6
2024-10-31,Thursday,3,sunny,cookie,47,40,7,1.5,0.4,60.0,2.8
2024-11-01,Friday,4,sunny,croissant,41,38,3,3.5,1.2,133.0,3.6
2024-11-01,Friday,4,sunny,muffin,34,32,2,2.75,0.9,88.0,1.8
2024-11-01,Friday,4,sunny,sourdough,18,16,2,8.0,2.5,128.0,5.0
2024-11-01,Friday,4,sunny,baguette,19,18,1,4.0,1.3,72.0,1.3
2024-11-01,Friday,4,sunny,cookie,54,52,2,1.5,0.4,78.0,0.8
2024-11-02,Saturday,5,sunny,croissant,79,70,9,3.5,1.2,245.0,10.8
2024-11-02,Saturday,5,sunny,muffin,53,45,8,2.75,0.9,123.75,7.2
2024-11-02,Saturday,5,sunny,sourdough,37,33,4,8.0,2.5,264.0,10.0
2024-11-02,Saturday,5,sunny,baguette,39,34,5,4.0,1.3,136.0,6.5
2024-11-02,Saturday,5,sunny,cookie,86,78,8,1.5,0.4,117.0,3.2
2024-11-03,Sunday,6,sunny,croissant,70,66,4,3.5,1.2,231.0,4.8
2024-11-03,Sunday,6,sunny,muffin,56,49,7,2.75,0.9,134.75,6.3
2024-11-03,Sunday,6,sunny,sourdough,31,27,4,8.0,2.5,216.0,10.0
2024-11-03,Sunday,6,sunny,baguette,40,37,3,4.0,1.3,148.0,3.9
2024-11-03,Sunday,6,sunny,cookie,79,74,5,1.5,0.4,111.0,2.0
2024-11-04,Monday,0,sunny,croissant,27,24,3,3.5,1.2,84.0,3.6
2024-11-04,Monday,0,sunny,muffin,19,18,1,2.75,0.9,49.5,0.9
2024-11-04,Monday,0,sunny,sourdough,9,9,0,8.0,2.5,72.0,0.0
2024-11-04,Monday,0,sunny,baguette,13,12,1,4.0,1.3,48.0,1.3
2024-11-04,Monday,0,sunny,cookie,37,35,2,1.5,0.4,52.5,0.8
2024-11-05,Tuesday,1,sunny,croissant,31,30,1,3.5,1.2,105.0,1.2
2024-11-05,Tuesday,1,sunny,muffin,24,23,1,2.75,0.9,63.25,0.9
2024-11-05,Tuesday,1,sunny,sourdough,14,13,1,8.0,2.5,104.0,2.5
2024-11-05,Tuesday,1,sunny,baguette,14,13,1,4.0,1.3,52.0,1.3
2024-11-05,Tuesday,1,sunny,cookie,51,44,7,1.5,0.4,66.0,2.8
2024-11-06,Wednesday,2,sunny,croissant,31,30,1,3.5,1.2,105.0,1.2
2024-11-06,Wednesday,2,sunny,muffin,28,25,3,2.75,0.9,68.75,2.7
2024-11-06,Wednesday,2,sunny,sourdough,11,11,0,8.0,2.5,88.0,0.0
2024-11-06,Wednesday,2,sunny,baguette,17,15,2,4.0,1.3,60.0,2.6
2024-11-06,Wednesday,2,sunny,cookie,43,39,4,1.5,0.4,58.5,1.6
2024-11-07,Thursday,3,rainy,croissant,36,35,1,3.5,1.2,122.5,1.2
2024-11-07,Thursday,3,rainy,muffin,35,30,5,2.75,0.9,82.5,4.5
2024-11-07,Thursday,3,rainy,sourdough,12,11,1,8.0,2.5,88.0,2.5
2024-11-07,Thursday,3,rainy,baguette,17,15,2,4.0,1.3,60.0,2.6
2024-11-07,Thursday,3,rainy,cookie,51,44,7,1.5,0.4,66.0,2.8
2024-11-08,Friday,4,sunny,croissant,39,36,3,3.5,1.2,126.0,3.6
2024-11-08,Friday,4,sunny,muffin,33,29,4,2.75,0.9,79.75,3.6
2024-11-08,Friday,4,sunny,sourdough,17,16,1,8.0,2.5,128.0,2.5
2024-11-08,Friday,4,sunny,baguette,22,21,1,4.0,1.3,84.0,1.3
2024-11-08,Friday,4,sunny,cookie,57,48,9,1.5,0.4,72.0,3.6
2024-11-09,Saturday,5,sunny,croissant,85,73,12,3.5,1.2,255.5,14.4
2024-11-09,Saturday,5,sunny,muffin,65,57,8,2.75,0.9,156.75,7.2
2024-11-09,Saturday,5,sunny,sourdough,37,35,2,8.0,2.5,280.0,5.0
2024-11-09,Saturday,5,sunny,baguette,44,42,2,4.0,1.3,168.0,2.6
2024-11-09,Saturday,5,sunny,cookie,97,91,6,1.5,0.4,136.5,2.4
2024-11-10,Sunday,6,sunny,croissant,80,69,11,3.5,1.2,241.5,13.2
2024-11-10,Sunday,6,sunny,muffin,52,49,3,2.75,0.9,134.75,2.7
2024-11-10,Sunday,6,sunny,sourdough,29,27,2,8.0,2.5,216.0,5.0
2024-11-10,Sunday,6,sunny,baguette,34,30,4,4.0,1.3,120.0,5.2
2024-11-10,Sunday,6,sunny,cookie,94,79,15,1.5,0.4,118.5,6.0
2024-11-11,Monday,0,rainy,croissant,36,34,2,3.5,1.2,119.0,2.4
2024-11-11,Monday,0,rainy,muffin,25,24,1,2.75,0.9,66.0,0.9
2024-11-11,Monday,0,rainy,sourdough,8,8,0,8.0,2.5,64.0,0.0
2024-11-11,Monday,0,rainy,baguette,16,14,2,4.0,1.3,56.0,2.6
2024-11-11,Monday,0,rainy,cookie,48,43,5,1.5,0.4,64.5,2.0
2024-11-12,Tuesday,1,sunny,croissant,41,36,5,3.5,1.2,126.0,6.0
2024-11-12,Tuesday,1,sunny,muffin,24,22,2,2.75,0.9,60.5,1.8
2024-11-12,Tuesday,1,sunny,sourdough,12,12,0,8.0,2.5,96.0,0.0
2024-11-12,Tuesday,1,sunny,baguette,17,16,1,4.0,1.3,64.0,1.3
2024-11-12,Tuesday,1,sunny,cookie,43,38,5,1.5,0.4,57.0,2.0
2024-11-13,Wednesday,2,sunny,croissant,41,37,4,3.5,1.2,129.5,4.8
2024-11-13,Wednesday,2,sunny,muffin,30,29,1,2.75,0.9,79.75,0.9
2024-11-13,Wednesday,2,sunny,sourdough,13,13,0,8.0,2.5,104.0,0.0
2024-11-13,Wednesday,2,sunny,baguette,21,18,3,4.0,1.3,72.0,3.9
2024-11-13,Wednesday,2,sunny,cookie,49,47,2,1.5,0.4,70.5,0.8
2024-11-14,Thursday,3,sunny,croissant,39,33,6,3.5,1.2,115.5,7.2
2024-11-14,Thursday,3,sunny,muffin,24,23,1,2.75,0.9,63.25,0.9
2024-11-14,Thursday,3,sunny,sourdough,15,14,1,8.0,2.5,112.0,2.5
2024-11-14,Thursday,3,sunny,baguette,17,16,1,4.0,1.3,64.0,1.3
2024-11-14,Thursday,3,sunny,cookie,54,49,5,1.5,0.4,73.5,2.0
2024-11-15,Friday,4,sunny,croissant,41,39,2,3.5,1.2,136.5,2.4
2024-11-15,Friday,4,sunny,muffin,33,29,4,2.75,0.9,79.75,3.6
2024-11-15,Friday,4,sunny,sourdough,14,13,1,8.0,2.5,104.0,2.5
2024-11-15,Friday,4,sunny,baguette,21,20,1,4.0,1.3,80.0,1.3
2024-11-15,Friday,4,sunny,cookie,49,43,6,1.5,0.4,64.5,2.4
2024-11-16,Saturday,5,sunny,croissant,79,71,8,3.5,1.2,248.5,9.6
2024-11-16,Saturday,5,sunny,muffin,55,48,7,2.75,0.9,132.0,6.3
2024-11-16,Saturday,5,sunny,sourdough,39,36,3,8.0,2.5,288.0,7.5
2024-11-16,Saturday,5,sunny,baguette,37,35,2,4.0,1.3,140.0,2.6
2024-11-16,Saturday,5,sunny,cookie,89,79,10,1.5,0.4,118.5,4.0
2024-11-17,Sunday,6,sunny,croissant,75,66,9,3.5,1.2,231.0,10.8
2024-11-17,Sunday,6,sunny,muffin,52,49,3,2.75,0.9,134.75,2.7
2024-11-17,Sunday,6,sunny,sourdough,33,31,2,8.0,2.5,248.0,5.0
2024-11-17,Sunday,6,sunny,baguette,39,34,5,4.0,1.3,136.0,6.5
2024-11-17,Sunday,6,sunny,cookie,89,82,7,1.5,0.4,123.0,2.8
2024-11-18,Monday,0,sunny,croissant,30,29,1,3.5,1.2,101.5,1.2
2024-11-18,Monday,0,sunny,muffin,19,18,1,2.75,0.9,49.5,0.9
2024-11-18,Monday,0,sunny,sourdough,12,11,1,8.0,2.5,88.0,2.5
2024-11-18,Monday,0,sunny,baguette,13,12,1,4.0,1.3,48.0,1.3
2024-11-18,Monday,0,sunny,cookie,36,31,5,1.5,0.4,46.5,2.0
2024-11-19,Tuesday,1,sunny,croissant,36,31,5,3.5,1.2,108.5,6.0
2024-11-19,Tuesday,1,sunny,muffin,26,25,1,2.75,0.9,68.75,0.9
2024-11-19,Tuesday,1,sunny,sourdough,13,11,2,8.0,2.5,88.0,5.0
2024-11-19,Tuesday,1,sunny,baguette,19,17,2,4.0,1.3,68.0,2.6
2024-11-19,Tuesday,1,sunny,cookie,48,43,5,1.5,0.4,64.5,2.0
2024-11-20,Wednesday,2,sunny,croissant,40,38,2,3.5,1.2,133.0,2.4
2024-11-20,Wednesday,2,sunny,muffin,28,25,3,2.75,0.9,68.75,2.7
2024-11-20,Wednesday,2,sunny,sourdough,13,11,2,8.0,2.5,88.0,5.0
2024-11-20,Wednesday,2,sunny,baguette,20,18,2,4.0,1.3,72.0,2.6
2024-11-20,Wednesday,2,sunny,cookie,49,42,7,1.5,0.4,63.0,2.8
2024-11-21,Thursday,3,rainy,croissant,46,40,6,3.5,1.2,140.0,7.2
2024-11-21,Thursday,3,rainy,muffin,31,28,3,2.75,0.9,77.0,2.7
2024-11-21,Thursday,3,rainy,sourdough,14,12,2,8.0,2.5,96.0,5.0
2024-11-21,Thursday,3,rainy,baguette,18,17,1,4.0,1.3,68.0,1.3
2024-11-21,Thursday,3,rainy,cookie,70,59,11,1.5,0.4,88.5,4.4
2024-11-22,Friday,4,sunny,croissant,44,37,7,3.5,1.2,129.5,8.4
2024-11-22,Friday,4,sunny,muffin,38,34,4,2.75,0.9,93.5,3.6
2024-11-22,Friday,4,sunny,sourdough,14,13,1,8.0,2.5,104.0,2.5
2024-11-22,Friday,4,sunny,baguette,24,21,3,4.0,1.3,84.0,3.9
2024-11-22,Friday,4,sunny,cookie,53,46,7,1.5,0.4,69.0,2.8
2024-11-23,Saturday,5,sunny,croissant,95,80,15,3.5,1.2,280.0,18.0
2024-11-23,Saturday,5,sunny,muffin,58,54,4,2.75,0.9,148.5,3.6
2024-11-23,Saturday,5,sunny,sourdough,36,33,3,8.0,2.5,264.0,7.5
2024-11-23,Saturday,5,sunny,baguette,43,38,5,4.0,1.3,152.0,6.5
2024-11-23,Saturday,5,sunny,cookie,105,92,13,1.5,0.4,138.0,5.2
2024-11-24,Sunday,6,sunny,croissant,77,67,10,3.5,1.2,234.5,12.0
2024-11-24,Sunday,6,sunny,muffin,46,44,2,2.75,0.9,121.0,1.8
2024-11-24,Sunday,6,sunny,sourdough,30,27,3,8.0,2.5,216.0,7.5
2024-11-24,Sunday,6,sunny,baguette,41,36,5,4.0,1.3,144.0,6.5
2024-11-24,Sunday,6,sunny,cookie,81,70,11,1.5,0.4,105.0,4.4
2024-11-25,Monday,0,sunny,croissant,30,26,4,3.5,1.2,91.0,4.8
2024-11-25,Monday,0,sunny,muffin,24,22,2,2.75,0.9,60.5,1.8
2024-11-25,Monday,0,sunny,sourdough,9,9,0,8.0,2.5,72.0,0.0
2024-11-25,Monday,0,sunny,baguette,15,14,1,4.0,1.3,56.0,1.3
2024-11-25,Monday,0,sunny,cookie,39,37,2,1.5,0.4,55.5,0.8
2024-11-26,Tuesday,1,sunny,croissant,34,29,5,3.5,1.2,101.5,6.0
2024-11-26,Tuesday,1,sunny,muffin,27,25,2,2.75,0.9,68.75,1.8
2024-11-26,Tuesday,1,sunny,sourdough,12,12,0,8.0,2.5,96.0,0.0
2024-11-26,Tuesday,1,sunny,baguette,18,17,1,4.0,1.3,68.0,1.3
2024-11-26,Tuesday,1,sunny,cookie,51,44,7,1.5,0.4,66.0,2.8
2024-11-27,Wednesday,2,sunny,croissant,40,36,4,3.5,1.2,126.0,4.8
2024-11-27,Wednesday,2,sunny,muffin,26,23,3,2.75,0.9,63.25,2.7
2024-11-27,Wednesday,2,sunny,sourdough,14,13,1,8.0,2.5,104.0,2.5
2024-11-27,Wednesday,2,sunny,baguette,20,17,3,4.0,1.3,68.0,3.9
2024-11-27,Wednesday,2,sunny,cookie,48,41,7,1.5,0.4,61.5,2.8
2024-11-28,Thursday,3,sunny,croissant,37,33,4,3.5,1.2,115.5,4.8
2024-11-28,Thursday,3,sunny,muffin,25,23,2,2.75,0.9,63.25,1.8
2024-11-28,Thursday,3,sunny,sourdough,15,13,2,8.0,2.5,104.0,5.0
2024-11-28,Thursday,3,sunny,baguette,22,19,3,4.0,1.3,76.0,3.9
2024-11-28,Thursday,3,sunny,cookie,57,50,7,1.5,0.4,75.0,2.8
2024-11-29,Friday,4,sunny,croissant,48,43,5,3.5,1.2,150.5,6.0
2024-11-29,Friday,4,sunny,muffin,34,30,4,2.75,0.9,82.5,3.6
2024-11-29,Friday,4,sunny,sourdough,18,17,1,8.0,2.5,136.0,2.5
2024-11-29,Friday,4,sunny,baguette,20,18,2,4.0,1.3,72.0,2.6
2024-11-29,Friday,4,sunny,cookie,48,45,3,1.5,0.4,67.5,1.2
2024-11-30,Saturday,5,sunny,croissant,80,72,8,3.5,1.2,252.0,9.6
2024-11-30,Saturday,5,sunny,muffin,56,53,3,2.75,0.9,145.75,2.7
2024-11-30,Saturday,5,sunny,sourdough,35,33,2,8.0,2.5,264.0,5.0
2024-11-30,Saturday,5,sunny,baguette,43,38,5,4.0,1.3,152.0,6.5
2024-11-30,Saturday,5,sunny,cookie,77,72,5,1.5,0.4,108.0,2.0
2024-12-01,Sunday,6,sunny,croissant,69,58,11,3.5,1.2,203.0,13.2
2024-12-01,Sunday,6,sunny,muffin,55,48,7,2.75,0.9,132.0,6.3
2024-12-01,Sunday,6,sunny,sourdough,31,28,3,8.0,2.5,224.0,7.5
2024-12-01,Sunday,6,sunny,baguette,39,34,5,4.0,1.3,136.0,6.5
2024-12-01,Sunday,6,sunny,cookie,73,68,5,1.5,0.4,102.0,2.0
2024-12-02,Monday,0,rainy,croissant,29,26,3,3.5,1.2,91.0,3.6
2024-12-02,Monday,0,rainy,muffin,27,24,3,2.75,0.9,66.0,2.7
2024-12-02,Monday,0,rainy,sourdough,8,8,0,8.0,2.5,64.0,0.0
2024-12-02,Monday,0,rainy,baguette,13,12,1,4.0,1.3,48.0,1.3
2024-12-02,Monday,0,rainy,cookie,41,38,3,1.5,0.4,57.0,1.2
2024-12-03,Tuesday,1,sunny,croissant,38,32,6,3.5,1.2,112.0,7.2
2024-12-03,Tuesday,1,sunny,muffin,31,26,5,2.75,0.9,71.5,4.5
2024-12-03,Tuesday,1,sunny,sourdough,11,10,1,8.0,2.5,80.0,2.5
2024-12-03,Tuesday,1,sunny,baguette,17,15,2,4.0,1.3,60.0,2.6
2024-12-03,Tuesday,1,sunny,cookie,46,41,5,1.5,0.4,61.5,2.0
2024-12-04,Wednesday,2,sunny,croissant,38,35,3,3.5,1.2,122.5,3.6
2024-12-04,Wednesday,2,sunny,muffin,33,28,5,2.75,0.9,77.0,4.5
2024-12-04,Wednesday,2,sunny,sourdough,13,12,1,8.0,2.5,96.0,2.5
2024-12-04,Wednesday,2,sunny,baguette,17,15,2,4.0,1.3,60.0,2.6
2024-12-04,Wednesday,2,sunny,cookie,50,46,4,1.5,0.4,69.0,1.6
2024-12-05,Thursday,3,sunny,croissant,36,35,1,3.5,1.2,122.5,1.2
2024-12-05,Thursday,3,sunny,muffin,32,30,2,2.75,0.9,82.5,1.8
2024-12-05,Thursday,3,sunny,sourdough,15,13,2,8.0,2.5,104.0,5.0
2024-12-05,Thursday,3,sunny,baguette,19,16,3,4.0,1.3,64.0,3.9
2024-12-05,Thursday,3,sunny,cookie,47,45,2,1.5,0.4,67.5,0.8
2024-12-06,Friday,4,rainy,croissant,53,46,7,3.5,1.2,161.0,8.4
2024-12-06,Friday,4,rainy,muffin,43,39,4,2.75,0.9,107.25,3.6
2024-12-06,Friday,4,rainy,sourdough,12,11,1,8.0,2.5,88.0,2.5
2024-12-06,Friday,4,rainy,baguette,23,20,3,4.0,1.3,80.0,3.9
2024-12-06,Friday,4,rainy,cookie,71,62,9,1.5,0.4,93.0,3.6
2024-12-07,Saturday,5,sunny,croissant,86,81,5,3.5,1.2,283.5,6.0
2024-12-07,Saturday,5,sunny,muffin,57,52,5,2.75,0.9,143.0,4.5
2024-12-07,Saturday,5,sunny,sourdough,29,28,1,8.0,2.5,224.0,2.5
2024-12-07,Saturday,5,sunny,baguette,49,44,5,4.0,1.3,176.0,6.5
2024-12-07,Saturday,5,sunny,cookie,88,82,6,1.5,0.4,123.0,2.4
2024-12-08,Sunday,6,sunny,croissant,73,64,9,3.5,1.2,224.0,10.8
2024-12-08,Sunday,6,sunny,muffin,47,45,2,2.75,0.9,123.75,1.8
2024-12-08,Sunday,6,sunny,sourdough,33,30,3,8.0,2.5,240.0,7.5
2024-12-08,Sunday,6,sunny,baguette,42,37,5,4.0,1.3,148.0,6.5
2024-12-08,Sunday,6,sunny,cookie,87,77,10,1.5,0.4,115.5,4.0
2024-12-09,Monday,0,sunny,croissant,28,24,4,3.5,1.2,84.0,4.8
2024-12-09,Monday,0,sunny,muffin,21,18,3,2.75,0.9,49.5,2.7
2024-12-09,Monday,0,sunny,sourdough,9,9,0,8.0,2.5,72.0,0.0
2024-12-09,Monday,0,sunny,baguette,16,15,1,4.0,1.3,60.0,1.3
2024-12-09,Monday,0,sunny,cookie,37,33,4,1.5,0.4,49.5,1.6
2024-12-10,Tuesday,1,sunny,croissant,34,32,2,3.5,1.2,112.0,2.4
2024-12-10,Tuesday,1,sunny,muffin,26,23,3,2.75,0.9,63.25,2.7
2024-12-10,Tuesday,1,sunny,sourdough,14,12,2,8.0,2.5,96.0,5.0
2024-12-10,Tuesday,1,sunny,baguette,16,14,2,4.0,1.3,56.0,2.6
2024-12-10,Tuesday,1,sunny,cookie,51,44,7,1.5,0.4,66.0,2.8
2024-12-11,Wednesday,2,sunny,croissant,38,32,6,3.5,1.2,112.0,7.2
2024-12-11,Wednesday,2,sunny,muffin,28,25,3,2.75,0.9,68.75,2.7
2024-12-11,Wednesday,2,sunny,sourdough,11,11,0,8.0,2.5,88.0,0.0
2024-12-11,Wednesday,2,sunny,baguette,19,17,2,4.0,1.3,68.0,2.6
2024-12-11,Wednesday,2,sunny,cookie,52,48,4,1.5,0.4,72.0,1.6
2024-12-12,Thursday,3,sunny,croissant,44,40,4,3.5,1.2,140.0,4.8
2024-12-12,Thursday,3,sunny,muffin,29,26,3,2.75,0.9,71.5,2.7
2024-12-12,Thursday,3,sunny,sourdough,13,13,0,8.0,2.5,104.0,0.0
2024-12-12,Thursday,3,sunny,baguette,18,16,2,4.0,1.3,64.0,2.6
2024-12-12,Thursday,3,sunny,cookie,43,40,3,1.5,0.4,60.0,1.2
2024-12-13,Friday,4,sunny,croissant,51,44,7,3.5,1.2,154.0,8.4
2024-12-13,Friday,4,sunny,muffin,39,33,6,2.75,0.9,90.75,5.4
2024-12-13,Friday,4,sunny,sourdough,15,14,1,8.0,2.5,112.0,2.5
2024-12-13,Friday,4,sunny,baguette,19,18,1,4.0,1.3,72.0,1.3
2024-12-13,Friday,4,sunny,cookie,49,43,6,1.5,0.4,64.5,2.4
2024-12-14,Saturday,5,sunny,croissant,75,71,4,3.5,1.2,248.5,4.8
2024-12-14,Saturday,5,sunny,muffin,58,55,3,2.75,0.9,151.25,2.7
2024-12-14,Saturday,5,sunny,sourdough,39,33,6,8.0,2.5,264.0,15.0
2024-12-14,Saturday,5,sunny,baguette,42,38,4,4.0,1.3,152.0,5.2
2024-12-14,Saturday,5,sunny,cookie,90,83,7,1.5,0.4,124.5,2.8
2024-12-15,Sunday,6,sunny,croissant,75,68,7,3.5,1.2,238.0,8.4
2024-12-15,Sunday,6,sunny,muffin,49,44,5,2.75,0.9,121.0,4.5
2024-12-15,Sunday,6,sunny,sourdough,26,24,2,8.0,2.5,192.0,5.0
2024-12-15,Sunday,6,sunny,baguette,37,32,5,4.0,1.3,128.0,6.5
2024-12-15,Sunday,6,sunny,cookie,82,70,12,1.5,0.4,105.0,4.8
2024-12-16,Monday,0,rainy,croissant,37,32,5,3.5,1.2,112.0,6.0
2024-12-16,Monday,0,rainy,muffin,26,24,2,2.75,0.9,66.0,1.8
2024-12-16,Monday,0,rainy,sourdough,9,8,1,8.0,2.5,64.0,2.5
2024-12-16,Monday,0,rainy,baguette,13,12,1,4.0,1.3,48.0,1.3
2024-12-16,Monday,0,rainy,cookie,51,44,7,1.5,0.4,66.0,2.8
2024-12-17,Tuesday,1,rainy,croissant,38,35,3,3.5,1.2,122.5,3.6
2024-12-17,Tuesday,1,rainy,muffin,33,32,1,2.75,0.9,88.0,0.9
2024-12-17,Tuesday,1,rainy,sourdough,9,9,0,8.0,2.5,72.0,0.0
2024-12-17,Tuesday,1,rainy,baguette,15,15,0,4.0,1.3,60.0,0.0
2024-12-17,Tuesday,1,rainy,cookie,52,47,5,1.5,0.4,70.5,2.0
2024-12-18,Wednesday,2,sunny,croissant,43,38,5,3.5,1.2,133.0,6.0
2024-12-18,Wednesday,2,sunny,muffin,29,25,4,2.75,0.9,68.75,3.6
2024-12-18,Wednesday,2,sunny,sourdough,13,12,1,8.0,2.5,96.0,2.5
2024-12-18,Wednesday,2,sunny,baguette,17,16,1,4.0,1.3,64.0,1.3
2024-12-18,Wednesday,2,sunny,cookie,52,45,7,1.5,0.4,67.5,2.8
2024-12-19,Thursday,3,sunny,croissant,39,35,4,3.5,1.2,122.5,4.8
2024-12-19,Thursday,3,sunny,muffin,29,26,3,2.75,0.9,71.5,2.7
2024-12-19,Thursday,3,sunny,sourdough,16,14,2,8.0,2.5,112.0,5.0
2024-12-19,Thursday,3,sunny,baguette,21,19,2,4.0,1.3,76.0,2.6
2024-12-19,Thursday,3,sunny,cookie,45,40,5,1.5,0.4,60.0,2.0
2024-12-20,Friday,4,sunny,croissant,42,36,6,3.5,1.2,126.0,7.2
2024-12-20,Friday,4,sunny,muffin,37,31,6,2.75,0.9,85.25,5.4
2024-12-20,Friday,4,sunny,sourdough,17,16,1,8.0,2.5,128.0,2.5
2024-12-20,Friday,4,sunny,baguette,20,19,1,4.0,1.3,76.0,1.3
2024-12-20,Friday,4,sunny,cookie,51,49,2,1.5,0.4,73.5,0.8
2024-12-21,Saturday,5,sunny,croissant,70,65,5,3.5,1.2,227.5,6.0
2024-12-21,Saturday,5,sunny,muffin,65,59,6,2.75,0.9,162.25,5.4
2024-12-21,Saturday,5,sunny,sourdough,35,32,3,8.0,2.5,256.0,7.5
2024-12-21,Saturday,5,sunny,baguette,40,34,6,4.0,1.3,136.0,7.8
2024-12-21,Saturday,5,sunny,cookie,87,76,11,1.5,0.4,114.0,4.4
2024-12-22,Sunday,6,sunny,croissant,85,73,12,3.5,1.2,255.5,14.4
2024-12-22,Sunday,6,sunny,muffin,48,43,5,2.75,0.9,118.25,4.5
2024-12-22,Sunday,6,sunny,sourdough,28,25,3,8.0,2.5,200.0,7.5
2024-12-22,Sunday,6,sunny,baguette,39,34,5,4.0,1.3,136.0,6.5
2024-12-22,Sunday,6,sunny,cookie,89,79,10,1.5,0.4,118.5,4.0
2024-12-23,Monday,0,sunny,croissant,34,31,3,3.5,1.2,108.5,3.6
2024-12-23,Monday,0,sunny,muffin,23,20,3,2.75,0.9,55.0,2.7
2024-12-23,Monday,0,sunny,sourdough,11,10,1,8.0,2.5,80.0,2.5
2024-12-23,Monday,0,sunny,baguette,15,14,1,4.0,1.3,56.0,1.3
2024-12-23,Monday,0,sunny,cookie,33,31,2,1.5,0.4,46.5,0.8
2024-12-24,Tuesday,1,rainy,croissant,38,36,2,3.5,1.2,126.0,2.4
2024-12-24,Tuesday,1,rainy,muffin,28,26,2,2.75,0.9,71.5,1.8
2024-12-24,Tuesday,1,rainy,sourdough,11,11,0,8.0,2.5,88.0,0.0
2024-12-24,Tuesday,1,rainy,baguette,15,13,2,4.0,1.3,52.0,2.6
2024-12-24,Tuesday,1,rainy,cookie,54,49,5,1.5,0.4,73.5,2.0
2024-12-25,Wednesday,2,sunny,croissant,33,31,2,3.5,1.2,108.5,2.4
2024-12-25,Wednesday,2,sunny,muffin,29,28,1,2.75,0.9,77.0,0.9
2024-12-25,Wednesday,2,sunny,sourdough,12,11,1,8.0,2.5,88.0,2.5
2024-12-25,Wednesday,2,sunny,baguette,17,15,2,4.0,1.3,60.0,2.6
2024-12-25,Wednesday,2,sunny,cookie,40,36,4,1.5,0.4,54.0,1.6
2024-12-26,Thursday,3,rainy,croissant,38,36,2,3.5,1.2,126.0,2.4
2024-12-26,Thursday,3,rainy,muffin,41,36,5,2.75,0.9,99.0,4.5
2024-12-26,Thursday,3,rainy,sourdough,12,12,0,8.0,2.5,96.0,0.0
2024-12-26,Thursday,3,rainy,baguette,20,18,2,4.0,1.3,72.0,2.6
2024-12-26,Thursday,3,rainy,cookie,51,48,3,1.5,0.4,72.0,1.2
2024-12-27,Friday,4,sunny,croissant,53,45,8,3.5,1.2,157.5,9.6
2024-12-27,Friday,4,sunny,muffin,31,27,4,2.75,0.9,74.25,3.6
2024-12-27,Friday,4,sunny,sourdough,17,15,2,8.0,2.5,120.0,5.0
2024-12-27,Friday,4,sunny,baguette,22,21,1,4.0,1.3,84.0,1.3
2024-12-27,Friday,4,sunny,cookie,56,52,4,1.5,0.4,78.0,1.6
2024-12-28,Saturday,5,sunny,croissant,80,72,8,3.5,1.2,252.0,9.6
2024-12-28,Saturday,5,sunny,muffin,58,54,4,2.75,0.9,148.5,3.6
2024-12-28,Saturday,5,sunny,sourdough,33,31,2,8.0,2.5,248.0,5.0
2024-12-28,Saturday,5,sunny,baguette,42,36,6,4.0,1.3,144.0,7.8
2024-12-28,Saturday,5,sunny,cookie,90,81,9,1.5,0.4,121.5,3.6
2024-12-29,Sunday,6,rainy,croissant,71,64,7,3.5,1.2,224.0,8.4
2024-12-29,Sunday,6,rainy,muffin,61,58,3,2.75,0.9,159.5,2.7
2024-12-29,Sunday,6,rainy,sourdough,31,28,3,8.0,2.5,224.0,7.5
2024-12-29,Sunday,6,rainy,baguette,33,30,3,4.0,1.3,120.0,3.9
2024-12-29,Sunday,6,rainy,cookie,83,73,10,1.5,0.4,109.5,4.0
2024-12-30,Monday,0,sunny,croissant,36,31,5,3.5,1.2,108.5,6.0
2024-12-30,Monday,0,sunny,muffin,23,21,2,2.75,0.9,57.75,1.8
2024-12-30,Monday,0,sunny,sourdough,10,10,0,8.0,2.5,80.0,0.0
2024-12-30,Monday,0,sunny,baguette,15,14,1,4.0,1.3,56.0,1.3
2024-12-30,Monday,0,sunny,cookie,44,38,6,1.5,0.4,57.0,2.4
2024-12-31,Tuesday,1,sunny,croissant,37,32,5,3.5,1.2,112.0,6.0
2024-12-31,Tuesday,1,sunny,muffin,28,25,3,2.75,0.9,68.75,2.7
2024-12-31,Tuesday,1,sunny,sourdough,10,10,0,8.0,2.5,80.0,0.0
2024-12-31,Tuesday,1,sunny,baguette,16,15,1,4.0,1.3,60.0,1.3
2024-12-31,Tuesday,1,sunny,cookie,48,44,4,1.5,0.4,66.0,1.6
